,image_number,label,label_d,label_d2,label_h,label_v
0,439540,h,False,False,True,False
1,318736,h,False,False,True,False
2,134536,d,True,False,False,False
3,705028,h,False,False,True,False
4,976116,h,False,False,True,False
5,881512,d2,False,True,False,False
6,683139,d,True,False,False,False
7,935701,h,False,False,True,False
8,229684,d2,False,True,False,False
9,500127,d,True,False,False,False
10,985357,d2,False,True,False,False
11,603415,h,False,False,True,False
12,54546,h,False,False,True,False
13,57424,d,True,False,False,False
14,472503,d2,False,True,False,False
15,502175,v,False,False,False,True
16,705113,h,False,False,True,False
17,994962,d2,False,True,False,False
18,469814,d,True,False,False,False
19,689211,d2,False,True,False,False
20,670979,v,False,False,False,True
21,204901,v,False,False,False,True
22,576634,v,False,False,False,True
23,283707,v,False,False,False,True
24,657585,d2,False,True,False,False
25,702671,d,True,False,False,False
26,256538,d,True,False,False,False
27,181733,v,False,False,False,True
28,760976,d,True,False,False,False
29,424042,d,True,False,False,False
30,548848,d2,False,True,False,False
31,985502,v,False,False,False,True
32,304236,h,False,False,True,False
33,409320,v,False,False,False,True
34,209082,v,False,False,False,True
35,894490,h,False,False,True,False
36,896420,d2,False,True,False,False
37,785271,h,False,False,True,False
38,246807,h,False,False,True,False
39,15750,d,True,False,False,False
40,925438,d,True,False,False,False
41,331116,d2,False,True,False,False
42,345473,d,True,False,False,False
43,187070,v,False,False,False,True
44,209982,v,False,False,False,True
45,276683,d2,False,True,False,False
46,957653,h,False,False,True,False
47,205180,h,False,False,True,False
48,835590,v,False,False,False,True
49,917422,v,False,False,False,True
50,129336,d,True,False,False,False
51,647952,v,False,False,False,True
52,547104,d,True,False,False,False
53,87088,h,False,False,True,False
54,979965,v,False,False,False,True
55,509351,d,True,False,False,False
56,96174,h,False,False,True,False
57,60555,d2,False,True,False,False
58,339984,d2,False,True,False,False
59,363276,h,False,False,True,False
60,116865,v,False,False,False,True
61,303301,h,False,False,True,False
62,757695,d,True,False,False,False
63,614356,d2,False,True,False,False
64,551896,v,False,False,False,True
65,171297,h,False,False,True,False
66,826902,d2,False,True,False,False
67,712010,v,False,False,False,True
68,779059,h,False,False,True,False
69,977965,v,False,False,False,True
70,613583,d2,False,True,False,False
71,715209,h,False,False,True,False
72,621409,h,False,False,True,False
73,466438,h,False,False,True,False
74,983452,d,True,False,False,False
75,452413,v,False,False,False,True
76,498780,h,False,False,True,False
77,293497,d2,False,True,False,False
78,76307,d2,False,True,False,False
79,19039,d2,False,True,False,False
80,196583,h,False,False,True,False
81,608408,d,True,False,False,False
82,288316,v,False,False,False,True
83,365345,h,False,False,True,False
84,539457,v,False,False,False,True
85,981604,d,True,False,False,False
86,810809,h,False,False,True,False
87,354107,h,False,False,True,False
88,686724,d2,False,True,False,False
89,116842,h,False,False,True,False
90,62338,d,True,False,False,False
91,195236,d,True,False,False,False
92,818691,h,False,False,True,False
93,249948,v,False,False,False,True
94,161729,d2,False,True,False,False
95,683165,d,True,False,False,False
96,708276,d2,False,True,False,False
97,678234,h,False,False,True,False
98,841896,v,False,False,False,True
99,406742,v,False,False,False,True
100,352475,v,False,False,False,True
101,176037,v,False,False,False,True
102,406339,v,False,False,False,True
103,456213,d,True,False,False,False
104,912995,d,True,False,False,False
105,75687,d,True,False,False,False
106,981608,d,True,False,False,False
107,443724,h,False,False,True,False
108,512057,h,False,False,True,False
109,627582,d,True,False,False,False
110,36170,d,True,False,False,False
111,788540,d,True,False,False,False
112,900016,v,False,False,False,True
113,289739,h,False,False,True,False
114,21992,v,False,False,False,True
115,539692,d,True,False,False,False
116,709789,d2,False,True,False,False
117,919106,v,False,False,False,True
118,778259,d2,False,True,False,False
119,345161,v,False,False,False,True
120,835258,v,False,False,False,True
121,134055,v,False,False,False,True
122,948996,v,False,False,False,True
123,869543,h,False,False,True,False
124,212085,h,False,False,True,False
125,491567,v,False,False,False,True
126,478536,d,True,False,False,False
127,136139,d,True,False,False,False
128,101075,v,False,False,False,True
129,576802,d,True,False,False,False
130,315919,h,False,False,True,False
131,157076,d,True,False,False,False
132,603906,d2,False,True,False,False
133,348355,h,False,False,True,False
134,366776,v,False,False,False,True
135,750705,d2,False,True,False,False
136,614585,h,False,False,True,False
137,214257,d2,False,True,False,False
138,367396,v,False,False,False,True
139,334801,h,False,False,True,False
140,114559,v,False,False,False,True
141,421420,h,False,False,True,False
142,988909,d2,False,True,False,False
143,84726,d2,False,True,False,False
144,4219,d2,False,True,False,False
145,287136,v,False,False,False,True
146,666627,d2,False,True,False,False
147,291493,d,True,False,False,False
148,989464,d,True,False,False,False
149,466175,h,False,False,True,False
150,636009,d2,False,True,False,False
151,508663,h,False,False,True,False
152,781029,h,False,False,True,False
153,834773,h,False,False,True,False
154,994220,h,False,False,True,False
155,621155,d,True,False,False,False
156,731804,d2,False,True,False,False
157,872946,d,True,False,False,False
158,830433,d2,False,True,False,False
159,470309,d,True,False,False,False
160,861797,d2,False,True,False,False
161,748778,v,False,False,False,True
162,935108,h,False,False,True,False
163,606135,d2,False,True,False,False
164,561571,d,True,False,False,False
165,650921,h,False,False,True,False
166,963000,d2,False,True,False,False
167,746404,v,False,False,False,True
168,2187,v,False,False,False,True
169,254208,d,True,False,False,False
170,312549,d,True,False,False,False
171,670951,d,True,False,False,False
172,348830,v,False,False,False,True
173,801094,d,True,False,False,False
174,643339,d2,False,True,False,False
175,295082,v,False,False,False,True
176,40543,d,True,False,False,False
177,363264,h,False,False,True,False
178,678278,d,True,False,False,False
179,193697,v,False,False,False,True
180,536606,d,True,False,False,False
181,248216,v,False,False,False,True
182,48115,h,False,False,True,False
183,251139,h,False,False,True,False
184,37095,h,False,False,True,False
185,360994,d2,False,True,False,False
186,817698,d2,False,True,False,False
187,454780,v,False,False,False,True
188,85591,v,False,False,False,True
189,136659,v,False,False,False,True
190,12754,v,False,False,False,True
191,96790,h,False,False,True,False
192,559549,h,False,False,True,False
193,840360,v,False,False,False,True
194,232416,d2,False,True,False,False
195,789533,d2,False,True,False,False
196,876979,h,False,False,True,False
197,966280,d2,False,True,False,False
198,845489,d,True,False,False,False
199,185517,v,False,False,False,True
200,202227,d,True,False,False,False
201,456921,d,True,False,False,False
202,561,h,False,False,True,False
203,837057,d2,False,True,False,False
204,633621,d,True,False,False,False
205,948283,h,False,False,True,False
206,292766,d,True,False,False,False
207,557609,d,True,False,False,False
208,917925,d,True,False,False,False
209,490004,h,False,False,True,False
210,899140,v,False,False,False,True
211,198020,h,False,False,True,False
212,621803,d,True,False,False,False
213,537293,h,False,False,True,False
214,129390,d,True,False,False,False
215,492779,h,False,False,True,False
216,782903,d,True,False,False,False
217,607777,v,False,False,False,True
218,556376,v,False,False,False,True
219,658522,v,False,False,False,True
220,66842,d,True,False,False,False
221,997796,v,False,False,False,True
222,389949,d2,False,True,False,False
223,276570,h,False,False,True,False
224,849175,d,True,False,False,False
225,981605,d,True,False,False,False
226,611620,h,False,False,True,False
227,792739,d2,False,True,False,False
228,174631,v,False,False,False,True
229,851664,h,False,False,True,False
230,833525,d2,False,True,False,False
231,482627,h,False,False,True,False
232,708012,v,False,False,False,True
233,959873,v,False,False,False,True
234,895907,d2,False,True,False,False
235,244025,v,False,False,False,True
236,51243,v,False,False,False,True
237,352103,v,False,False,False,True
238,774081,h,False,False,True,False
239,951419,h,False,False,True,False
240,191136,h,False,False,True,False
241,938762,v,False,False,False,True
242,778588,h,False,False,True,False
243,195167,h,False,False,True,False
244,4818,h,False,False,True,False
245,778398,v,False,False,False,True
246,513753,d,True,False,False,False
247,696102,d2,False,True,False,False
248,164135,v,False,False,False,True
249,689831,h,False,False,True,False
250,334282,h,False,False,True,False
251,346525,d2,False,True,False,False
252,34178,d,True,False,False,False
253,126994,d,True,False,False,False
254,602251,v,False,False,False,True
255,662187,h,False,False,True,False
256,773019,d,True,False,False,False
257,548817,h,False,False,True,False
258,887731,v,False,False,False,True
259,302776,v,False,False,False,True
260,75054,d2,False,True,False,False
261,963053,v,False,False,False,True
262,820836,d2,False,True,False,False
263,755476,d,True,False,False,False
264,191112,v,False,False,False,True
265,202449,d2,False,True,False,False
266,749992,v,False,False,False,True
267,51388,d,True,False,False,False
268,723502,h,False,False,True,False
269,898092,d,True,False,False,False
270,962333,d,True,False,False,False
271,37024,d2,False,True,False,False
272,205895,d2,False,True,False,False
273,432073,h,False,False,True,False
274,48737,v,False,False,False,True
275,932860,d2,False,True,False,False
276,824619,v,False,False,False,True
277,32313,d2,False,True,False,False
278,885268,h,False,False,True,False
279,620217,v,False,False,False,True
280,626822,d2,False,True,False,False
281,526013,d,True,False,False,False
282,983985,d2,False,True,False,False
283,321650,h,False,False,True,False
284,314622,d,True,False,False,False
285,870977,v,False,False,False,True
286,351041,v,False,False,False,True
287,175278,h,False,False,True,False
288,130457,d,True,False,False,False
289,976149,d2,False,True,False,False
290,162252,h,False,False,True,False
291,182158,d,True,False,False,False
292,564982,h,False,False,True,False
293,11955,v,False,False,False,True
294,343940,d2,False,True,False,False
295,1324,d2,False,True,False,False
296,810673,d2,False,True,False,False
297,47730,h,False,False,True,False
298,11370,h,False,False,True,False
299,796100,v,False,False,False,True
300,725086,d,True,False,False,False
301,958638,d2,False,True,False,False
302,823125,d,True,False,False,False
303,674358,d,True,False,False,False
304,159228,d,True,False,False,False
305,219813,d,True,False,False,False
306,153306,v,False,False,False,True
307,230015,d,True,False,False,False
308,302534,v,False,False,False,True
309,139693,d,True,False,False,False
310,499382,d2,False,True,False,False
311,603531,d2,False,True,False,False
312,324299,h,False,False,True,False
313,82918,h,False,False,True,False
314,745302,v,False,False,False,True
315,82150,h,False,False,True,False
316,770425,d,True,False,False,False
317,482984,h,False,False,True,False
318,492074,h,False,False,True,False
319,899883,h,False,False,True,False
320,957522,d2,False,True,False,False
321,919068,v,False,False,False,True
322,704537,h,False,False,True,False
323,373090,d2,False,True,False,False
324,509411,h,False,False,True,False
325,421217,d,True,False,False,False
326,821248,h,False,False,True,False
327,654819,h,False,False,True,False
328,793221,h,False,False,True,False
329,762487,d,True,False,False,False
330,942199,h,False,False,True,False
331,121680,d,True,False,False,False
332,756624,h,False,False,True,False
333,750173,d2,False,True,False,False
334,447201,d,True,False,False,False
335,24053,v,False,False,False,True
336,444544,d2,False,True,False,False
337,560877,d,True,False,False,False
338,200244,v,False,False,False,True
339,937877,d2,False,True,False,False
340,516655,d,True,False,False,False
341,882148,h,False,False,True,False
342,749405,d2,False,True,False,False
343,828504,v,False,False,False,True
344,688054,v,False,False,False,True
345,532406,h,False,False,True,False
346,487601,v,False,False,False,True
347,736309,v,False,False,False,True
348,715144,v,False,False,False,True
349,891268,d2,False,True,False,False
350,288384,d2,False,True,False,False
351,777640,v,False,False,False,True
352,99697,d,True,False,False,False
353,532487,d2,False,True,False,False
354,314778,d2,False,True,False,False
355,80636,v,False,False,False,True
356,716068,d2,False,True,False,False
357,312518,v,False,False,False,True
358,102230,h,False,False,True,False
359,831841,v,False,False,False,True
360,64554,d,True,False,False,False
361,594193,h,False,False,True,False
362,314782,d2,False,True,False,False
363,21709,v,False,False,False,True
364,407980,h,False,False,True,False
365,875229,v,False,False,False,True
366,570359,d,True,False,False,False
367,217670,d2,False,True,False,False
368,342478,d2,False,True,False,False
369,990826,h,False,False,True,False
370,107255,v,False,False,False,True
371,622778,d2,False,True,False,False
372,19518,h,False,False,True,False
373,997050,d,True,False,False,False
374,151759,d2,False,True,False,False
375,210587,d2,False,True,False,False
376,438814,d,True,False,False,False
377,506028,h,False,False,True,False
378,240964,d2,False,True,False,False
379,209223,d,True,False,False,False
380,509338,h,False,False,True,False
381,981461,h,False,False,True,False
382,169080,h,False,False,True,False
383,701137,v,False,False,False,True
384,901941,v,False,False,False,True
385,737878,d,True,False,False,False
386,59341,d,True,False,False,False
387,983861,h,False,False,True,False
388,230972,d,True,False,False,False
389,187703,h,False,False,True,False
390,308974,v,False,False,False,True
391,100123,d2,False,True,False,False
392,32400,v,False,False,False,True
393,149229,d2,False,True,False,False
394,585204,d,True,False,False,False
395,179301,d,True,False,False,False
396,511252,h,False,False,True,False
397,877952,d2,False,True,False,False
398,304622,v,False,False,False,True
399,944216,d,True,False,False,False
400,945113,v,False,False,False,True
401,819313,v,False,False,False,True
402,783071,d2,False,True,False,False
403,798247,d,True,False,False,False
404,155161,v,False,False,False,True
405,980372,h,False,False,True,False
406,167270,d2,False,True,False,False
407,413766,d2,False,True,False,False
408,133495,h,False,False,True,False
409,218090,d,True,False,False,False
410,796482,d,True,False,False,False
411,612726,h,False,False,True,False
412,765313,v,False,False,False,True
413,665437,v,False,False,False,True
414,550198,d2,False,True,False,False
415,199966,h,False,False,True,False
416,76263,h,False,False,True,False
417,613496,d2,False,True,False,False
418,826671,v,False,False,False,True
419,690956,v,False,False,False,True
420,729631,h,False,False,True,False
421,447744,d2,False,True,False,False
422,529011,d,True,False,False,False
423,46847,d2,False,True,False,False
424,16979,d2,False,True,False,False
425,624065,d,True,False,False,False
426,964977,d2,False,True,False,False
427,361537,v,False,False,False,True
428,84705,d2,False,True,False,False
429,224580,d,True,False,False,False
430,480630,h,False,False,True,False
431,185574,d,True,False,False,False
432,739453,d,True,False,False,False
433,114010,v,False,False,False,True
434,897576,d,True,False,False,False
435,270991,v,False,False,False,True
436,363293,d,True,False,False,False
437,93941,d2,False,True,False,False
438,881690,h,False,False,True,False
439,334339,h,False,False,True,False
440,208077,v,False,False,False,True
441,61573,h,False,False,True,False
442,243227,d,True,False,False,False
443,217473,d,True,False,False,False
444,952994,h,False,False,True,False
445,448458,h,False,False,True,False
446,703531,d,True,False,False,False
447,65511,h,False,False,True,False
448,912940,v,False,False,False,True
449,981675,d,True,False,False,False
450,945124,d2,False,True,False,False
451,416443,v,False,False,False,True
452,857802,v,False,False,False,True
453,890058,d2,False,True,False,False
454,154385,h,False,False,True,False
455,144848,v,False,False,False,True
456,759893,d,True,False,False,False
457,946385,d,True,False,False,False
458,308302,v,False,False,False,True
459,496265,d,True,False,False,False
460,917938,h,False,False,True,False
461,625563,h,False,False,True,False
462,633146,d,True,False,False,False
463,277958,d2,False,True,False,False
464,378982,h,False,False,True,False
465,553991,h,False,False,True,False
466,960304,v,False,False,False,True
467,794713,h,False,False,True,False
468,597667,v,False,False,False,True
469,816107,d,True,False,False,False
470,972346,h,False,False,True,False
471,725606,v,False,False,False,True
472,775416,v,False,False,False,True
473,847495,h,False,False,True,False
474,421905,v,False,False,False,True
475,437967,d2,False,True,False,False
476,120894,d2,False,True,False,False
477,371573,d2,False,True,False,False
478,234232,h,False,False,True,False
479,385982,h,False,False,True,False
480,120555,v,False,False,False,True
481,990654,d2,False,True,False,False
482,818537,v,False,False,False,True
483,973365,d2,False,True,False,False
484,428809,v,False,False,False,True
485,956779,h,False,False,True,False
486,856710,v,False,False,False,True
487,820935,d2,False,True,False,False
488,129426,d2,False,True,False,False
489,5475,h,False,False,True,False
490,909311,v,False,False,False,True
491,630498,v,False,False,False,True
492,45529,h,False,False,True,False
493,666208,h,False,False,True,False
494,911750,d2,False,True,False,False
495,855197,d2,False,True,False,False
496,543728,h,False,False,True,False
497,738559,d2,False,True,False,False
498,842534,d2,False,True,False,False
499,787064,d,True,False,False,False
500,870618,d2,False,True,False,False
501,950025,v,False,False,False,True
502,64819,d2,False,True,False,False
503,218862,d,True,False,False,False
504,421049,d2,False,True,False,False
505,943130,d2,False,True,False,False
506,454681,v,False,False,False,True
507,518084,d2,False,True,False,False
508,856345,d,True,False,False,False
509,221996,v,False,False,False,True
510,755265,h,False,False,True,False
511,587643,h,False,False,True,False
512,897483,d2,False,True,False,False
513,291334,d,True,False,False,False
514,25919,h,False,False,True,False
515,613067,d2,False,True,False,False
516,791785,h,False,False,True,False
517,37876,d,True,False,False,False
518,300345,d2,False,True,False,False
519,394052,d2,False,True,False,False
520,653221,v,False,False,False,True
521,742486,d,True,False,False,False
522,89242,v,False,False,False,True
523,353202,h,False,False,True,False
524,727851,d2,False,True,False,False
525,815308,d,True,False,False,False
526,154482,v,False,False,False,True
527,89519,d,True,False,False,False
528,217491,d,True,False,False,False
529,176229,d,True,False,False,False
530,623203,h,False,False,True,False
531,161026,h,False,False,True,False
532,806730,d2,False,True,False,False
533,750497,h,False,False,True,False
534,417197,d,True,False,False,False
535,925133,v,False,False,False,True
536,670266,v,False,False,False,True
537,764144,h,False,False,True,False
538,167262,d,True,False,False,False
539,705383,d,True,False,False,False
540,673720,d,True,False,False,False
541,790024,d,True,False,False,False
542,282195,d,True,False,False,False
543,801974,d2,False,True,False,False
544,11171,h,False,False,True,False
545,160110,h,False,False,True,False
546,18420,d2,False,True,False,False
547,678843,v,False,False,False,True
548,478948,h,False,False,True,False
549,182642,v,False,False,False,True
550,173806,v,False,False,False,True
551,604296,h,False,False,True,False
552,965053,v,False,False,False,True
553,193003,v,False,False,False,True
554,985256,v,False,False,False,True
555,46725,h,False,False,True,False
556,97254,d2,False,True,False,False
557,871816,d,True,False,False,False
558,543436,d,True,False,False,False
559,812596,d2,False,True,False,False
560,726257,d2,False,True,False,False
561,634044,v,False,False,False,True
562,418902,d2,False,True,False,False
563,566961,v,False,False,False,True
564,316529,h,False,False,True,False
565,751337,v,False,False,False,True
566,248353,d2,False,True,False,False
567,522380,h,False,False,True,False
568,539405,v,False,False,False,True
569,135069,d,True,False,False,False
570,961832,d,True,False,False,False
571,952232,h,False,False,True,False
572,591103,h,False,False,True,False
573,220963,d2,False,True,False,False
574,955666,d2,False,True,False,False
575,393427,d,True,False,False,False
576,530427,d2,False,True,False,False
577,384641,d2,False,True,False,False
578,71015,d,True,False,False,False
579,724290,h,False,False,True,False
580,431440,d2,False,True,False,False
581,710555,h,False,False,True,False
582,654454,h,False,False,True,False
583,3599,d,True,False,False,False
584,993023,d,True,False,False,False
585,583318,v,False,False,False,True
586,925774,d,True,False,False,False
587,957184,d2,False,True,False,False
588,573050,d2,False,True,False,False
589,508563,h,False,False,True,False
590,709300,h,False,False,True,False
591,320596,d,True,False,False,False
592,949338,d,True,False,False,False
593,678788,h,False,False,True,False
594,812973,d,True,False,False,False
595,694029,v,False,False,False,True
596,59878,h,False,False,True,False
597,592412,v,False,False,False,True
598,313079,h,False,False,True,False
599,615499,d,True,False,False,False
600,264145,d2,False,True,False,False
601,282210,h,False,False,True,False
602,986052,v,False,False,False,True
603,725488,h,False,False,True,False
604,590270,v,False,False,False,True
605,27488,h,False,False,True,False
606,884388,d2,False,True,False,False
607,868273,v,False,False,False,True
608,882188,h,False,False,True,False
609,61431,d2,False,True,False,False
610,524926,h,False,False,True,False
611,398441,v,False,False,False,True
612,991839,d,True,False,False,False
613,897511,d2,False,True,False,False
614,246507,h,False,False,True,False
615,462927,d,True,False,False,False
616,806265,v,False,False,False,True
617,782379,h,False,False,True,False
618,375346,h,False,False,True,False
619,703595,d2,False,True,False,False
620,264262,h,False,False,True,False
621,848940,v,False,False,False,True
622,94739,h,False,False,True,False
623,391003,h,False,False,True,False
624,553663,v,False,False,False,True
625,580800,d2,False,True,False,False
626,61603,d2,False,True,False,False
627,657697,d2,False,True,False,False
628,151483,h,False,False,True,False
629,893075,d,True,False,False,False
630,270628,v,False,False,False,True
631,918493,d,True,False,False,False
632,77928,v,False,False,False,True
633,928255,d2,False,True,False,False
634,596508,d,True,False,False,False
635,867173,v,False,False,False,True
636,735472,h,False,False,True,False
637,983763,d2,False,True,False,False
638,406024,d2,False,True,False,False
639,142757,d,True,False,False,False
640,581698,h,False,False,True,False
641,239000,h,False,False,True,False
642,901943,d2,False,True,False,False
643,565549,v,False,False,False,True
644,347365,h,False,False,True,False
645,851719,d2,False,True,False,False
646,223821,d,True,False,False,False
647,114128,v,False,False,False,True
648,21211,h,False,False,True,False
649,736320,d2,False,True,False,False
650,622812,h,False,False,True,False
651,570773,d,True,False,False,False
652,218325,h,False,False,True,False
653,264934,v,False,False,False,True
654,146756,v,False,False,False,True
655,164053,v,False,False,False,True
656,113691,d2,False,True,False,False
657,43479,h,False,False,True,False
658,96886,d2,False,True,False,False
659,200480,d2,False,True,False,False
660,937831,h,False,False,True,False
661,117995,h,False,False,True,False
662,654073,d,True,False,False,False
663,404726,d2,False,True,False,False
664,359057,v,False,False,False,True
665,903009,h,False,False,True,False
666,850868,d2,False,True,False,False
667,514482,v,False,False,False,True
668,704672,h,False,False,True,False
669,177456,d,True,False,False,False
670,493854,d2,False,True,False,False
671,585455,d,True,False,False,False
672,521711,d2,False,True,False,False
673,331216,v,False,False,False,True
674,492705,h,False,False,True,False
675,373195,d2,False,True,False,False
676,89814,h,False,False,True,False
677,485975,d2,False,True,False,False
678,453589,d,True,False,False,False
679,466979,d,True,False,False,False
680,312332,h,False,False,True,False
681,313155,v,False,False,False,True
682,350877,v,False,False,False,True
683,825303,v,False,False,False,True
684,620579,d,True,False,False,False
685,447158,d,True,False,False,False
686,839678,v,False,False,False,True
687,112523,d,True,False,False,False
688,392038,v,False,False,False,True
689,217878,d,True,False,False,False
690,866757,d2,False,True,False,False
691,529572,h,False,False,True,False
692,709167,d2,False,True,False,False
693,659906,d,True,False,False,False
694,488519,h,False,False,True,False
695,299032,v,False,False,False,True
696,965842,d2,False,True,False,False
697,695626,h,False,False,True,False
698,755629,h,False,False,True,False
699,75014,d2,False,True,False,False
700,926789,d,True,False,False,False
701,11706,d,True,False,False,False
702,740089,v,False,False,False,True
703,156992,h,False,False,True,False
704,846745,h,False,False,True,False
705,667881,h,False,False,True,False
706,896297,d,True,False,False,False
707,901748,h,False,False,True,False
708,202654,d,True,False,False,False
709,256133,v,False,False,False,True
710,384541,h,False,False,True,False
711,427518,h,False,False,True,False
712,847115,d2,False,True,False,False
713,655497,h,False,False,True,False
714,162868,h,False,False,True,False
715,959554,h,False,False,True,False
716,93561,h,False,False,True,False
717,304480,d2,False,True,False,False
718,839972,h,False,False,True,False
719,438871,d,True,False,False,False
720,442497,h,False,False,True,False
721,940226,h,False,False,True,False
722,208076,h,False,False,True,False
723,780193,h,False,False,True,False
724,798909,h,False,False,True,False
725,142209,d,True,False,False,False
726,984362,v,False,False,False,True
727,818890,h,False,False,True,False
728,863827,v,False,False,False,True
729,111377,h,False,False,True,False
730,730505,v,False,False,False,True
731,703590,d2,False,True,False,False
732,625514,h,False,False,True,False
733,777638,d,True,False,False,False
734,290846,v,False,False,False,True
735,985754,d2,False,True,False,False
736,906982,d2,False,True,False,False
737,538496,d2,False,True,False,False
738,947505,d2,False,True,False,False
739,569852,d,True,False,False,False
740,143332,v,False,False,False,True
741,403496,d2,False,True,False,False
742,830408,h,False,False,True,False
743,126161,v,False,False,False,True
744,800256,d2,False,True,False,False
745,931052,d2,False,True,False,False
746,525721,h,False,False,True,False
747,448081,v,False,False,False,True
748,367101,v,False,False,False,True
749,495727,h,False,False,True,False
750,236566,d,True,False,False,False
751,898868,d2,False,True,False,False
752,451463,v,False,False,False,True
753,47288,h,False,False,True,False
754,300157,v,False,False,False,True
755,78270,d,True,False,False,False
756,168484,h,False,False,True,False
757,416022,v,False,False,False,True
758,466660,d,True,False,False,False
759,75078,d2,False,True,False,False
760,973623,h,False,False,True,False
761,83330,d2,False,True,False,False
762,140974,h,False,False,True,False
763,560007,v,False,False,False,True
764,565423,d2,False,True,False,False
765,590583,d,True,False,False,False
766,749865,d,True,False,False,False
767,982403,d2,False,True,False,False
768,984755,d,True,False,False,False
769,733940,d2,False,True,False,False
770,415652,d,True,False,False,False
771,580989,h,False,False,True,False
772,532083,v,False,False,False,True
773,21448,d,True,False,False,False
774,331162,h,False,False,True,False
775,986578,h,False,False,True,False
776,856409,d,True,False,False,False
777,807026,v,False,False,False,True
778,904823,d,True,False,False,False
779,596373,v,False,False,False,True
780,728624,d2,False,True,False,False
781,97782,d2,False,True,False,False
782,48879,v,False,False,False,True
783,839701,d,True,False,False,False
784,927984,v,False,False,False,True
785,334947,d2,False,True,False,False
786,180227,d2,False,True,False,False
787,922702,h,False,False,True,False
788,747337,d2,False,True,False,False
789,341922,h,False,False,True,False
790,72371,h,False,False,True,False
791,392663,d2,False,True,False,False
792,912158,v,False,False,False,True
793,57011,v,False,False,False,True
794,206903,d2,False,True,False,False
795,758065,d2,False,True,False,False
796,528184,d2,False,True,False,False
797,613484,v,False,False,False,True
798,461166,h,False,False,True,False
799,521133,d,True,False,False,False
800,71452,d2,False,True,False,False
801,731759,h,False,False,True,False
802,558543,d2,False,True,False,False
803,6575,d2,False,True,False,False
804,277525,v,False,False,False,True
805,202467,d,True,False,False,False
806,318915,v,False,False,False,True
807,43521,d2,False,True,False,False
808,414787,v,False,False,False,True
809,460665,v,False,False,False,True
810,992135,d2,False,True,False,False
811,880161,d2,False,True,False,False
812,248822,v,False,False,False,True
813,178130,v,False,False,False,True
814,69837,v,False,False,False,True
815,42118,h,False,False,True,False
816,856147,d,True,False,False,False
817,685434,d,True,False,False,False
818,249616,d2,False,True,False,False
819,139570,v,False,False,False,True
820,175063,d2,False,True,False,False
821,850707,v,False,False,False,True
822,944498,h,False,False,True,False
823,888015,v,False,False,False,True
824,538785,v,False,False,False,True
825,463016,d2,False,True,False,False
826,674400,d,True,False,False,False
827,97359,v,False,False,False,True
828,118914,d,True,False,False,False
829,565536,h,False,False,True,False
830,342522,d,True,False,False,False
831,375742,d,True,False,False,False
832,33460,d,True,False,False,False
833,441222,d,True,False,False,False
834,771535,d,True,False,False,False
835,269253,d,True,False,False,False
836,787854,h,False,False,True,False
837,688145,h,False,False,True,False
838,504121,v,False,False,False,True
839,586373,v,False,False,False,True
840,687979,d,True,False,False,False
841,522467,h,False,False,True,False
842,683734,v,False,False,False,True
843,832077,d2,False,True,False,False
844,495944,v,False,False,False,True
845,432856,d,True,False,False,False
846,9398,h,False,False,True,False
847,482149,v,False,False,False,True
848,132185,h,False,False,True,False
849,589694,h,False,False,True,False
850,719440,v,False,False,False,True
851,736701,d2,False,True,False,False
852,487285,d2,False,True,False,False
853,368066,d2,False,True,False,False
854,209112,v,False,False,False,True
855,601027,d2,False,True,False,False
856,374369,d2,False,True,False,False
857,71266,d2,False,True,False,False
858,988843,h,False,False,True,False
859,95820,d2,False,True,False,False
860,575215,d,True,False,False,False
861,117971,d,True,False,False,False
862,669998,h,False,False,True,False
863,23409,v,False,False,False,True
864,979320,h,False,False,True,False
865,989971,d2,False,True,False,False
866,734124,v,False,False,False,True
867,349002,d,True,False,False,False
868,950309,d,True,False,False,False
869,523490,d2,False,True,False,False
870,313360,d,True,False,False,False
871,52748,v,False,False,False,True
872,182256,d,True,False,False,False
873,725920,h,False,False,True,False
874,487442,v,False,False,False,True
875,716495,d,True,False,False,False
876,145869,v,False,False,False,True
877,85236,d,True,False,False,False
878,228464,v,False,False,False,True
879,683565,v,False,False,False,True
880,870736,h,False,False,True,False
881,348948,d2,False,True,False,False
882,270403,d2,False,True,False,False
883,285533,d2,False,True,False,False
884,810290,h,False,False,True,False
885,661072,d2,False,True,False,False
886,7581,d,True,False,False,False
887,318321,h,False,False,True,False
888,167115,d,True,False,False,False
889,863042,h,False,False,True,False
890,956749,v,False,False,False,True
891,688686,v,False,False,False,True
892,98118,d,True,False,False,False
893,539979,v,False,False,False,True
894,972425,v,False,False,False,True
895,321672,d2,False,True,False,False
896,80028,d2,False,True,False,False
897,971082,d,True,False,False,False
898,663768,v,False,False,False,True
899,352192,d2,False,True,False,False
900,421533,h,False,False,True,False
901,330901,h,False,False,True,False
902,882556,d2,False,True,False,False
903,201948,v,False,False,False,True
904,598910,h,False,False,True,False
905,296909,h,False,False,True,False
906,686229,d2,False,True,False,False
907,273998,d,True,False,False,False
908,725721,d2,False,True,False,False
909,476383,d,True,False,False,False
910,961685,v,False,False,False,True
911,656786,d2,False,True,False,False
912,647681,d,True,False,False,False
913,692277,d2,False,True,False,False
914,698126,h,False,False,True,False
915,729148,h,False,False,True,False
916,379147,v,False,False,False,True
917,952478,d,True,False,False,False
918,186084,h,False,False,True,False
919,30963,d,True,False,False,False
920,602257,d,True,False,False,False
921,47284,d2,False,True,False,False
922,645942,d2,False,True,False,False
923,21749,h,False,False,True,False
924,780143,d2,False,True,False,False
925,25292,d2,False,True,False,False
926,65154,h,False,False,True,False
927,145209,d,True,False,False,False
928,411832,v,False,False,False,True
929,825492,v,False,False,False,True
930,346854,d2,False,True,False,False
931,325109,d2,False,True,False,False
932,451765,v,False,False,False,True
933,181478,d,True,False,False,False
934,682540,v,False,False,False,True
935,237146,h,False,False,True,False
936,749036,h,False,False,True,False
937,162126,v,False,False,False,True
938,30894,d2,False,True,False,False
939,166911,v,False,False,False,True
940,623283,v,False,False,False,True
941,726437,h,False,False,True,False
942,853711,d2,False,True,False,False
943,942769,d,True,False,False,False
944,621744,d2,False,True,False,False
945,26167,d,True,False,False,False
946,533426,h,False,False,True,False
947,808170,h,False,False,True,False
948,766020,d,True,False,False,False
949,577932,d,True,False,False,False
950,284134,d2,False,True,False,False
951,694226,d,True,False,False,False
952,409426,d2,False,True,False,False
953,608120,d2,False,True,False,False
954,756655,d2,False,True,False,False
955,370279,h,False,False,True,False
956,239054,d2,False,True,False,False
957,2627,d,True,False,False,False
958,404222,h,False,False,True,False
959,688905,d,True,False,False,False
960,191424,d2,False,True,False,False
961,174467,h,False,False,True,False
962,701298,d,True,False,False,False
963,9167,v,False,False,False,True
964,672690,d2,False,True,False,False
965,8780,d,True,False,False,False
966,468191,d,True,False,False,False
967,669103,v,False,False,False,True
968,45322,h,False,False,True,False
969,545917,d2,False,True,False,False
970,386254,d2,False,True,False,False
971,94769,h,False,False,True,False
972,324566,d2,False,True,False,False
973,187433,d,True,False,False,False
974,742594,d,True,False,False,False
975,126385,v,False,False,False,True
976,91838,h,False,False,True,False
977,833902,v,False,False,False,True
978,196062,v,False,False,False,True
979,54740,v,False,False,False,True
980,490574,d,True,False,False,False
981,754110,d,True,False,False,False
982,880232,v,False,False,False,True
983,541486,d2,False,True,False,False
984,276360,d2,False,True,False,False
985,247988,d,True,False,False,False
986,856682,h,False,False,True,False
987,865652,h,False,False,True,False
988,184456,v,False,False,False,True
989,821155,h,False,False,True,False
990,406308,h,False,False,True,False
991,869495,d2,False,True,False,False
992,739886,d,True,False,False,False
993,626476,d2,False,True,False,False
994,535884,d,True,False,False,False
995,999386,v,False,False,False,True
996,894207,v,False,False,False,True
997,75310,d2,False,True,False,False
998,557686,d2,False,True,False,False
999,829910,h,False,False,True,False
1000,88120,d2,False,True,False,False
1001,650159,v,False,False,False,True
1002,51919,h,False,False,True,False
1003,62030,v,False,False,False,True
1004,794882,d,True,False,False,False
1005,304688,d,True,False,False,False
1006,552328,d2,False,True,False,False
1007,821617,v,False,False,False,True
1008,885050,d2,False,True,False,False
1009,797973,d,True,False,False,False
1010,108815,d2,False,True,False,False
1011,600290,d2,False,True,False,False
1012,183392,d2,False,True,False,False
1013,293702,v,False,False,False,True
1014,676942,h,False,False,True,False
1015,26811,d,True,False,False,False
1016,200362,d2,False,True,False,False
1017,104984,v,False,False,False,True
1018,746817,h,False,False,True,False
1019,440556,h,False,False,True,False
1020,716064,d,True,False,False,False
1021,733394,d2,False,True,False,False
1022,263524,d2,False,True,False,False
1023,362251,d,True,False,False,False
1024,396371,d,True,False,False,False
1025,437580,v,False,False,False,True
1026,449118,v,False,False,False,True
1027,893660,d2,False,True,False,False
1028,574342,v,False,False,False,True
1029,946244,v,False,False,False,True
1030,233499,d,True,False,False,False
1031,952415,v,False,False,False,True
1032,238473,h,False,False,True,False
1033,83686,d2,False,True,False,False
1034,953266,d,True,False,False,False
1035,791138,h,False,False,True,False
1036,539243,v,False,False,False,True
1037,362656,d,True,False,False,False
1038,102466,d2,False,True,False,False
1039,798343,d2,False,True,False,False
1040,273209,h,False,False,True,False
1041,528178,d,True,False,False,False
1042,981847,d,True,False,False,False
1043,394655,v,False,False,False,True
1044,129242,d2,False,True,False,False
1045,129182,d2,False,True,False,False
1046,673419,d2,False,True,False,False
1047,586266,d2,False,True,False,False
1048,195144,h,False,False,True,False
1049,560733,d2,False,True,False,False
1050,13828,v,False,False,False,True
1051,712410,v,False,False,False,True
1052,889085,d2,False,True,False,False
1053,884467,v,False,False,False,True
1054,523699,d,True,False,False,False
1055,453542,d,True,False,False,False
1056,925031,d2,False,True,False,False
1057,202609,d2,False,True,False,False
1058,94673,h,False,False,True,False
1059,123219,h,False,False,True,False
1060,300267,v,False,False,False,True
1061,711543,d2,False,True,False,False
1062,607997,h,False,False,True,False
1063,136470,v,False,False,False,True
1064,418861,d,True,False,False,False
1065,709019,d2,False,True,False,False
1066,933280,d,True,False,False,False
1067,346278,d,True,False,False,False
1068,478968,v,False,False,False,True
1069,488260,v,False,False,False,True
1070,219451,d,True,False,False,False
1071,952630,h,False,False,True,False
1072,537956,d,True,False,False,False
1073,465956,v,False,False,False,True
1074,532174,v,False,False,False,True
1075,143528,h,False,False,True,False
1076,366610,d,True,False,False,False
1077,864554,h,False,False,True,False
1078,83147,h,False,False,True,False
1079,735755,h,False,False,True,False
1080,942323,h,False,False,True,False
1081,994142,d2,False,True,False,False
1082,788549,d,True,False,False,False
1083,357474,d,True,False,False,False
1084,379164,d,True,False,False,False
1085,918437,d,True,False,False,False
1086,911916,h,False,False,True,False
1087,97812,d2,False,True,False,False
1088,397330,v,False,False,False,True
1089,586227,h,False,False,True,False
1090,564021,d2,False,True,False,False
1091,555985,v,False,False,False,True
1092,958131,v,False,False,False,True
1093,14093,d2,False,True,False,False
1094,552152,d,True,False,False,False
1095,1171,h,False,False,True,False
1096,675123,h,False,False,True,False
1097,10942,d,True,False,False,False
1098,572878,d,True,False,False,False
1099,33422,d,True,False,False,False
1100,963010,d,True,False,False,False
1101,673962,d2,False,True,False,False
1102,277497,d2,False,True,False,False
1103,88175,d,True,False,False,False
1104,35516,v,False,False,False,True
1105,347306,d,True,False,False,False
1106,46493,d,True,False,False,False
1107,193553,d,True,False,False,False
1108,251375,d2,False,True,False,False
1109,32180,h,False,False,True,False
1110,581751,d2,False,True,False,False
1111,48048,d,True,False,False,False
1112,708316,v,False,False,False,True
1113,884543,v,False,False,False,True
1114,288487,d,True,False,False,False
1115,297535,v,False,False,False,True
1116,352274,h,False,False,True,False
1117,457404,h,False,False,True,False
1118,887085,h,False,False,True,False
1119,459920,d2,False,True,False,False
1120,516479,v,False,False,False,True
1121,723576,d,True,False,False,False
1122,800499,d2,False,True,False,False
1123,7489,d2,False,True,False,False
1124,406153,d2,False,True,False,False
1125,206269,v,False,False,False,True
1126,617972,d2,False,True,False,False
1127,38839,d,True,False,False,False
1128,946265,d,True,False,False,False
1129,894584,h,False,False,True,False
1130,150788,d,True,False,False,False
1131,850374,d2,False,True,False,False
1132,612342,d2,False,True,False,False
1133,857951,d2,False,True,False,False
1134,704881,h,False,False,True,False
1135,74654,d,True,False,False,False
1136,970234,d2,False,True,False,False
1137,919815,h,False,False,True,False
1138,641583,d2,False,True,False,False
1139,405375,h,False,False,True,False
1140,114663,h,False,False,True,False
1141,808898,h,False,False,True,False
1142,252197,v,False,False,False,True
1143,827644,d,True,False,False,False
1144,824953,d2,False,True,False,False
1145,571650,v,False,False,False,True
1146,213435,h,False,False,True,False
1147,832083,h,False,False,True,False
1148,393625,d,True,False,False,False
1149,38899,d2,False,True,False,False
1150,225127,v,False,False,False,True
1151,708707,d,True,False,False,False
1152,731205,d,True,False,False,False
1153,651402,v,False,False,False,True
1154,216460,v,False,False,False,True
1155,590509,d2,False,True,False,False
1156,57358,d,True,False,False,False
1157,600001,d2,False,True,False,False
1158,310907,d2,False,True,False,False
1159,127301,v,False,False,False,True
1160,397877,d,True,False,False,False
1161,363500,d,True,False,False,False
1162,402249,d,True,False,False,False
1163,588042,h,False,False,True,False
1164,677107,d2,False,True,False,False
1165,339948,d,True,False,False,False
1166,994605,h,False,False,True,False
1167,536630,d2,False,True,False,False
1168,228796,d2,False,True,False,False
1169,929248,d2,False,True,False,False
1170,193734,d2,False,True,False,False
1171,98113,v,False,False,False,True
1172,453,d,True,False,False,False
1173,900323,v,False,False,False,True
1174,388020,h,False,False,True,False
1175,74027,v,False,False,False,True
1176,740188,v,False,False,False,True
1177,661896,d,True,False,False,False
1178,587454,d2,False,True,False,False
1179,874615,d,True,False,False,False
1180,67799,v,False,False,False,True
1181,447185,v,False,False,False,True
1182,855547,d2,False,True,False,False
1183,898141,v,False,False,False,True
1184,377925,d2,False,True,False,False
1185,244588,h,False,False,True,False
1186,800678,h,False,False,True,False
1187,879589,d,True,False,False,False
1188,787739,h,False,False,True,False
1189,103264,d2,False,True,False,False
1190,928925,d2,False,True,False,False
1191,96669,v,False,False,False,True
1192,623516,h,False,False,True,False
1193,573624,v,False,False,False,True
1194,824832,d,True,False,False,False
1195,347246,d2,False,True,False,False
1196,264790,d2,False,True,False,False
1197,826835,d,True,False,False,False
1198,817417,v,False,False,False,True
1199,879546,d2,False,True,False,False
1200,686511,v,False,False,False,True
1201,524487,v,False,False,False,True
1202,436135,h,False,False,True,False
1203,872203,v,False,False,False,True
1204,959010,d,True,False,False,False
1205,692936,h,False,False,True,False
1206,373492,d,True,False,False,False
1207,265069,h,False,False,True,False
1208,666187,v,False,False,False,True
1209,795580,d2,False,True,False,False
1210,272131,d,True,False,False,False
1211,461440,d2,False,True,False,False
1212,252457,d2,False,True,False,False
1213,634605,v,False,False,False,True
1214,76373,d,True,False,False,False
1215,775559,d,True,False,False,False
1216,866474,h,False,False,True,False
1217,509239,d,True,False,False,False
1218,509489,v,False,False,False,True
1219,811504,d,True,False,False,False
1220,585638,h,False,False,True,False
1221,320373,h,False,False,True,False
1222,546977,h,False,False,True,False
1223,521696,v,False,False,False,True
1224,17835,d2,False,True,False,False
1225,323901,d2,False,True,False,False
1226,694891,d2,False,True,False,False
1227,968914,d2,False,True,False,False
1228,888752,v,False,False,False,True
1229,606928,d2,False,True,False,False
1230,41556,d2,False,True,False,False
1231,827452,d2,False,True,False,False
1232,451032,v,False,False,False,True
1233,521660,h,False,False,True,False
1234,258667,d,True,False,False,False
1235,443809,d,True,False,False,False
1236,361744,v,False,False,False,True
1237,362521,h,False,False,True,False
1238,390517,v,False,False,False,True
1239,155727,d2,False,True,False,False
1240,724312,d2,False,True,False,False
1241,619990,d,True,False,False,False
1242,703611,d2,False,True,False,False
1243,157644,h,False,False,True,False
1244,519162,d2,False,True,False,False
1245,581101,d2,False,True,False,False
1246,109258,d2,False,True,False,False
1247,371189,h,False,False,True,False
1248,346921,d2,False,True,False,False
1249,282294,d2,False,True,False,False
1250,732719,v,False,False,False,True
1251,847810,v,False,False,False,True
1252,763157,d2,False,True,False,False
1253,145276,v,False,False,False,True
1254,317574,d2,False,True,False,False
1255,835781,d,True,False,False,False
1256,891859,h,False,False,True,False
1257,864162,h,False,False,True,False
1258,221021,d2,False,True,False,False
1259,560162,h,False,False,True,False
1260,761332,v,False,False,False,True
1261,231346,d,True,False,False,False
1262,883131,v,False,False,False,True
1263,629285,v,False,False,False,True
1264,988515,v,False,False,False,True
1265,855215,h,False,False,True,False
1266,656143,d,True,False,False,False
1267,90628,v,False,False,False,True
1268,717481,d2,False,True,False,False
1269,508056,d,True,False,False,False
1270,451840,h,False,False,True,False
1271,19473,h,False,False,True,False
1272,447297,v,False,False,False,True
1273,361653,d2,False,True,False,False
1274,420507,d2,False,True,False,False
1275,761996,d,True,False,False,False
1276,643704,v,False,False,False,True
1277,916201,h,False,False,True,False
1278,659267,v,False,False,False,True
1279,783907,d2,False,True,False,False
1280,38344,v,False,False,False,True
1281,998036,h,False,False,True,False
1282,594858,d2,False,True,False,False
1283,522132,d,True,False,False,False
1284,563619,h,False,False,True,False
1285,407847,d2,False,True,False,False
1286,160618,d,True,False,False,False
1287,528112,v,False,False,False,True
1288,243762,v,False,False,False,True
1289,739617,v,False,False,False,True
1290,715429,d,True,False,False,False
1291,241757,d,True,False,False,False
1292,112563,d,True,False,False,False
1293,12438,h,False,False,True,False
1294,817225,d2,False,True,False,False
1295,830899,h,False,False,True,False
1296,289051,d,True,False,False,False
1297,249475,d,True,False,False,False
1298,794613,h,False,False,True,False
1299,973341,h,False,False,True,False
1300,906058,h,False,False,True,False
1301,489525,d2,False,True,False,False
1302,670805,v,False,False,False,True
1303,735361,d,True,False,False,False
1304,963062,d2,False,True,False,False
1305,154678,d2,False,True,False,False
1306,818279,h,False,False,True,False
1307,856811,v,False,False,False,True
1308,709972,h,False,False,True,False
1309,727491,v,False,False,False,True
1310,925452,h,False,False,True,False
1311,732790,d2,False,True,False,False
1312,565879,d,True,False,False,False
1313,255435,h,False,False,True,False
1314,51421,v,False,False,False,True
1315,769952,d,True,False,False,False
1316,934754,h,False,False,True,False
1317,561479,d2,False,True,False,False
1318,360499,h,False,False,True,False
1319,71922,v,False,False,False,True
1320,257351,v,False,False,False,True
1321,92143,d,True,False,False,False
1322,64205,d2,False,True,False,False
1323,652159,v,False,False,False,True
1324,562464,v,False,False,False,True
1325,655163,d,True,False,False,False
1326,972107,d2,False,True,False,False
1327,269537,v,False,False,False,True
1328,892937,v,False,False,False,True
1329,912660,d,True,False,False,False
1330,203452,d,True,False,False,False
1331,716884,v,False,False,False,True
1332,450472,v,False,False,False,True
1333,100181,d2,False,True,False,False
1334,364559,d,True,False,False,False
1335,505592,d,True,False,False,False
1336,895250,h,False,False,True,False
1337,255907,d,True,False,False,False
1338,851021,d2,False,True,False,False
1339,640596,v,False,False,False,True
1340,507017,d2,False,True,False,False
1341,128338,h,False,False,True,False
1342,382443,v,False,False,False,True
1343,573279,h,False,False,True,False
1344,717025,d2,False,True,False,False
1345,721080,d2,False,True,False,False
1346,582463,v,False,False,False,True
1347,389710,v,False,False,False,True
1348,770807,v,False,False,False,True
1349,563932,d,True,False,False,False
1350,660428,v,False,False,False,True
1351,849281,h,False,False,True,False
1352,167068,h,False,False,True,False
1353,747594,h,False,False,True,False
1354,360830,h,False,False,True,False
1355,708100,v,False,False,False,True
1356,741939,v,False,False,False,True
1357,687428,h,False,False,True,False
1358,914864,v,False,False,False,True
1359,715030,v,False,False,False,True
1360,836619,h,False,False,True,False
1361,805343,d2,False,True,False,False
1362,32087,d2,False,True,False,False
1363,755695,v,False,False,False,True
1364,536619,d,True,False,False,False
1365,186306,d2,False,True,False,False
1366,474946,v,False,False,False,True
1367,928922,d,True,False,False,False
1368,805182,v,False,False,False,True
1369,651229,v,False,False,False,True
1370,55203,d,True,False,False,False
1371,8611,h,False,False,True,False
1372,859408,d,True,False,False,False
1373,745825,h,False,False,True,False
1374,522703,d,True,False,False,False
1375,376362,h,False,False,True,False
1376,60937,h,False,False,True,False
1377,921709,d,True,False,False,False
1378,8944,h,False,False,True,False
1379,827737,v,False,False,False,True
1380,298859,d2,False,True,False,False
1381,155299,v,False,False,False,True
1382,509767,d,True,False,False,False
1383,82895,h,False,False,True,False
1384,283170,d2,False,True,False,False
1385,621115,d,True,False,False,False
1386,228292,d2,False,True,False,False
1387,251494,h,False,False,True,False
1388,621712,v,False,False,False,True
1389,159498,h,False,False,True,False
1390,906778,d,True,False,False,False
1391,957552,v,False,False,False,True
1392,82552,d,True,False,False,False
1393,488401,d,True,False,False,False
1394,176621,v,False,False,False,True
1395,795252,v,False,False,False,True
1396,370586,v,False,False,False,True
1397,930507,v,False,False,False,True
1398,706647,h,False,False,True,False
1399,408821,d,True,False,False,False
1400,887651,d2,False,True,False,False
1401,94053,d,True,False,False,False
1402,452867,h,False,False,True,False
1403,99875,d,True,False,False,False
1404,660642,d2,False,True,False,False
1405,998362,h,False,False,True,False
1406,343707,v,False,False,False,True
1407,609379,d,True,False,False,False
1408,318749,d2,False,True,False,False
1409,730183,v,False,False,False,True
1410,684677,h,False,False,True,False
1411,238161,v,False,False,False,True
1412,850090,h,False,False,True,False
1413,151615,h,False,False,True,False
1414,175181,h,False,False,True,False
1415,278779,h,False,False,True,False
1416,88777,h,False,False,True,False
1417,954892,v,False,False,False,True
1418,122946,h,False,False,True,False
1419,527149,h,False,False,True,False
1420,637335,v,False,False,False,True
1421,940245,d2,False,True,False,False
1422,635643,d,True,False,False,False
1423,448202,d,True,False,False,False
1424,35607,v,False,False,False,True
1425,368298,v,False,False,False,True
1426,665585,d2,False,True,False,False
1427,50107,d,True,False,False,False
1428,764776,d2,False,True,False,False
1429,576168,h,False,False,True,False
1430,604160,d,True,False,False,False
1431,880415,d,True,False,False,False
1432,907407,v,False,False,False,True
1433,204031,d,True,False,False,False
1434,876639,h,False,False,True,False
1435,178615,v,False,False,False,True
1436,432564,d2,False,True,False,False
1437,506471,v,False,False,False,True
1438,284593,h,False,False,True,False
1439,354853,d,True,False,False,False
1440,349397,d2,False,True,False,False
1441,314815,d2,False,True,False,False
1442,667429,v,False,False,False,True
1443,610486,h,False,False,True,False
1444,853467,v,False,False,False,True
1445,509970,d,True,False,False,False
1446,386053,h,False,False,True,False
1447,441939,v,False,False,False,True
1448,19669,d,True,False,False,False
1449,485529,d,True,False,False,False
1450,649028,d,True,False,False,False
1451,439830,v,False,False,False,True
1452,949263,d2,False,True,False,False
1453,227544,d2,False,True,False,False
1454,829760,h,False,False,True,False
1455,772472,d,True,False,False,False
1456,283845,h,False,False,True,False
1457,171023,h,False,False,True,False
1458,346631,v,False,False,False,True
1459,282942,d,True,False,False,False
1460,352194,d2,False,True,False,False
1461,874590,v,False,False,False,True
1462,585588,d,True,False,False,False
1463,562598,d2,False,True,False,False
1464,653187,v,False,False,False,True
1465,165850,v,False,False,False,True
1466,345526,v,False,False,False,True
1467,806121,d,True,False,False,False
1468,69366,d2,False,True,False,False
1469,217250,v,False,False,False,True
1470,52371,d2,False,True,False,False
1471,139872,d2,False,True,False,False
1472,833042,v,False,False,False,True
1473,729019,h,False,False,True,False
1474,386678,v,False,False,False,True
1475,964361,d,True,False,False,False
1476,54943,d2,False,True,False,False
1477,231177,h,False,False,True,False
1478,679209,d2,False,True,False,False
1479,171677,d2,False,True,False,False
1480,993167,v,False,False,False,True
1481,841036,d,True,False,False,False
1482,921872,v,False,False,False,True
1483,669810,h,False,False,True,False
1484,253778,d2,False,True,False,False
1485,537608,d2,False,True,False,False
1486,118288,d2,False,True,False,False
1487,301953,h,False,False,True,False
1488,311877,v,False,False,False,True
1489,710361,v,False,False,False,True
1490,627193,d,True,False,False,False
1491,522688,d2,False,True,False,False
1492,174461,h,False,False,True,False
1493,647390,h,False,False,True,False
1494,33597,v,False,False,False,True
1495,292139,d2,False,True,False,False
1496,765722,v,False,False,False,True
1497,440236,d2,False,True,False,False
1498,867430,d2,False,True,False,False
1499,748066,h,False,False,True,False
1500,976546,v,False,False,False,True
1501,184252,h,False,False,True,False
1502,768736,d2,False,True,False,False
1503,885883,d2,False,True,False,False
1504,605258,d,True,False,False,False
1505,565765,h,False,False,True,False
1506,211707,d,True,False,False,False
1507,694383,d,True,False,False,False
1508,562106,h,False,False,True,False
1509,645680,v,False,False,False,True
1510,476184,d,True,False,False,False
1511,45915,v,False,False,False,True
1512,857731,d,True,False,False,False
1513,807019,d,True,False,False,False
1514,593639,d,True,False,False,False
1515,138418,d,True,False,False,False
1516,839791,d2,False,True,False,False
1517,244451,v,False,False,False,True
1518,445728,d,True,False,False,False
1519,295435,d,True,False,False,False
1520,453134,v,False,False,False,True
1521,974247,v,False,False,False,True
1522,845425,d,True,False,False,False
1523,999224,d2,False,True,False,False
1524,293478,d,True,False,False,False
1525,906514,h,False,False,True,False
1526,62058,v,False,False,False,True
1527,96786,d,True,False,False,False
1528,854344,d2,False,True,False,False
1529,115626,d2,False,True,False,False
1530,69932,h,False,False,True,False
1531,417821,d2,False,True,False,False
1532,235652,v,False,False,False,True
1533,206762,v,False,False,False,True
1534,369565,d2,False,True,False,False
1535,690239,d,True,False,False,False
1536,398331,d2,False,True,False,False
1537,627499,v,False,False,False,True
1538,578096,d2,False,True,False,False
1539,494673,d,True,False,False,False
1540,62679,h,False,False,True,False
1541,368241,v,False,False,False,True
1542,591460,d2,False,True,False,False
1543,55289,d,True,False,False,False
1544,224464,h,False,False,True,False
1545,933084,v,False,False,False,True
1546,295902,v,False,False,False,True
1547,388802,h,False,False,True,False
1548,897369,v,False,False,False,True
1549,874432,h,False,False,True,False
1550,296815,d2,False,True,False,False
1551,501032,v,False,False,False,True
1552,813469,d2,False,True,False,False
1553,255910,h,False,False,True,False
1554,944259,d,True,False,False,False
1555,872257,d2,False,True,False,False
1556,344147,d2,False,True,False,False
1557,292312,h,False,False,True,False
1558,428712,d,True,False,False,False
1559,815185,v,False,False,False,True
1560,118388,d,True,False,False,False
1561,209328,d2,False,True,False,False
1562,891447,d,True,False,False,False
1563,190218,d,True,False,False,False
1564,635963,d2,False,True,False,False
1565,187697,d,True,False,False,False
1566,427621,h,False,False,True,False
1567,823747,d,True,False,False,False
1568,91796,h,False,False,True,False
1569,522244,v,False,False,False,True
1570,347474,h,False,False,True,False
1571,942274,v,False,False,False,True
1572,810053,d2,False,True,False,False
1573,878224,d2,False,True,False,False
1574,284091,d2,False,True,False,False
1575,379785,v,False,False,False,True
1576,920510,h,False,False,True,False
1577,613505,v,False,False,False,True
1578,116068,d,True,False,False,False
1579,103088,v,False,False,False,True
1580,9747,d,True,False,False,False
1581,514572,d,True,False,False,False
1582,328072,h,False,False,True,False
1583,771883,v,False,False,False,True
1584,285231,v,False,False,False,True
1585,304326,h,False,False,True,False
1586,811522,h,False,False,True,False
1587,211812,v,False,False,False,True
1588,58244,h,False,False,True,False
1589,980559,d2,False,True,False,False
1590,341172,h,False,False,True,False
1591,680010,d,True,False,False,False
1592,92689,v,False,False,False,True
1593,338587,v,False,False,False,True
1594,795461,v,False,False,False,True
1595,175950,d,True,False,False,False
1596,881202,h,False,False,True,False
1597,969388,h,False,False,True,False
1598,282652,h,False,False,True,False
1599,838190,h,False,False,True,False
1600,384926,v,False,False,False,True
1601,586573,d,True,False,False,False
1602,976549,v,False,False,False,True
1603,318149,v,False,False,False,True
1604,398939,h,False,False,True,False
1605,319740,d,True,False,False,False
1606,781037,d2,False,True,False,False
1607,532465,v,False,False,False,True
1608,743278,d2,False,True,False,False
1609,349846,v,False,False,False,True
1610,530574,h,False,False,True,False
1611,611709,v,False,False,False,True
1612,778722,v,False,False,False,True
1613,892247,h,False,False,True,False
1614,411596,d,True,False,False,False
1615,298489,v,False,False,False,True
1616,271287,d,True,False,False,False
1617,911998,h,False,False,True,False
1618,888795,h,False,False,True,False
1619,299041,d,True,False,False,False
1620,789412,d,True,False,False,False
1621,370852,d,True,False,False,False
1622,666775,d,True,False,False,False
1623,794966,h,False,False,True,False
1624,108955,v,False,False,False,True
1625,956624,h,False,False,True,False
1626,368964,d2,False,True,False,False
1627,727067,v,False,False,False,True
1628,607394,h,False,False,True,False
1629,120622,v,False,False,False,True
1630,220102,d,True,False,False,False
1631,468427,d2,False,True,False,False
1632,578511,v,False,False,False,True
1633,364119,d,True,False,False,False
1634,693886,d2,False,True,False,False
1635,522220,d2,False,True,False,False
1636,194432,d2,False,True,False,False
1637,910060,h,False,False,True,False
1638,747305,d,True,False,False,False
1639,606101,d,True,False,False,False
1640,281559,d2,False,True,False,False
1641,441830,d2,False,True,False,False
1642,958075,v,False,False,False,True
1643,679848,v,False,False,False,True
1644,154719,v,False,False,False,True
1645,407801,d2,False,True,False,False
1646,775221,d,True,False,False,False
1647,798097,d,True,False,False,False
1648,374859,d2,False,True,False,False
1649,431651,h,False,False,True,False
1650,313889,d,True,False,False,False
1651,106501,d,True,False,False,False
1652,125029,d,True,False,False,False
1653,878162,h,False,False,True,False
1654,453804,v,False,False,False,True
1655,49541,d2,False,True,False,False
1656,413161,v,False,False,False,True
1657,544733,d,True,False,False,False
1658,363472,d2,False,True,False,False
1659,932578,d2,False,True,False,False
1660,869153,h,False,False,True,False
1661,639209,d2,False,True,False,False
1662,161554,h,False,False,True,False
1663,264798,d,True,False,False,False
1664,211409,v,False,False,False,True
1665,105332,v,False,False,False,True
1666,969100,h,False,False,True,False
1667,173649,d,True,False,False,False
1668,14720,h,False,False,True,False
1669,894829,v,False,False,False,True
1670,811695,v,False,False,False,True
1671,555414,d,True,False,False,False
1672,620720,h,False,False,True,False
1673,992987,d2,False,True,False,False
1674,633860,d2,False,True,False,False
1675,222276,h,False,False,True,False
1676,585626,v,False,False,False,True
1677,161949,d,True,False,False,False
1678,897825,d,True,False,False,False
1679,847124,d,True,False,False,False
1680,58489,d2,False,True,False,False
1681,117004,d2,False,True,False,False
1682,389694,v,False,False,False,True
1683,597505,d,True,False,False,False
1684,219322,d2,False,True,False,False
1685,48672,v,False,False,False,True
1686,597545,d2,False,True,False,False
1687,599340,v,False,False,False,True
1688,722573,v,False,False,False,True
1689,681229,d,True,False,False,False
1690,361837,d2,False,True,False,False
1691,367344,d2,False,True,False,False
1692,11752,v,False,False,False,True
1693,406332,v,False,False,False,True
1694,251187,v,False,False,False,True
1695,801331,d2,False,True,False,False
1696,923898,v,False,False,False,True
1697,890238,v,False,False,False,True
1698,907021,h,False,False,True,False
1699,220408,v,False,False,False,True
1700,143807,h,False,False,True,False
1701,173966,v,False,False,False,True
1702,770244,d2,False,True,False,False
1703,154141,d,True,False,False,False
1704,537159,d2,False,True,False,False
1705,277929,d,True,False,False,False
1706,615115,v,False,False,False,True
1707,73658,d,True,False,False,False
1708,530442,d2,False,True,False,False
1709,216079,d2,False,True,False,False
1710,648914,d2,False,True,False,False
1711,584138,d,True,False,False,False
1712,670841,v,False,False,False,True
1713,386831,h,False,False,True,False
1714,994224,d2,False,True,False,False
1715,858064,d,True,False,False,False
1716,390885,d2,False,True,False,False
1717,77349,h,False,False,True,False
1718,367,d2,False,True,False,False
1719,67938,d,True,False,False,False
1720,431912,v,False,False,False,True
1721,775411,v,False,False,False,True
1722,200347,d,True,False,False,False
1723,344460,h,False,False,True,False
1724,516485,v,False,False,False,True
1725,748192,d2,False,True,False,False
1726,898541,d2,False,True,False,False
1727,182924,d,True,False,False,False
1728,525603,d2,False,True,False,False
1729,817497,d,True,False,False,False
1730,936112,d,True,False,False,False
1731,430884,d,True,False,False,False
1732,170976,d,True,False,False,False
1733,372051,h,False,False,True,False
1734,221152,d,True,False,False,False
1735,615997,v,False,False,False,True
1736,527991,d,True,False,False,False
1737,797062,d2,False,True,False,False
1738,207078,h,False,False,True,False
1739,230740,h,False,False,True,False
1740,109677,d,True,False,False,False
1741,660638,d,True,False,False,False
1742,997085,d,True,False,False,False
1743,449388,d,True,False,False,False
1744,557105,h,False,False,True,False
1745,443711,h,False,False,True,False
1746,534098,h,False,False,True,False
1747,451114,d,True,False,False,False
1748,891419,d2,False,True,False,False
1749,46479,d,True,False,False,False
1750,55225,d2,False,True,False,False
1751,32839,v,False,False,False,True
1752,463898,d2,False,True,False,False
1753,388274,h,False,False,True,False
1754,539752,h,False,False,True,False
1755,561191,v,False,False,False,True
1756,362994,d,True,False,False,False
1757,723546,v,False,False,False,True
1758,452435,d2,False,True,False,False
1759,199501,d,True,False,False,False
1760,373111,d,True,False,False,False
1761,518108,h,False,False,True,False
1762,115423,d,True,False,False,False
1763,118413,h,False,False,True,False
1764,108674,d,True,False,False,False
1765,668884,d,True,False,False,False
1766,710251,d,True,False,False,False
1767,264062,h,False,False,True,False
1768,265605,h,False,False,True,False
1769,443798,d,True,False,False,False
1770,865142,d2,False,True,False,False
1771,68833,v,False,False,False,True
1772,677812,d2,False,True,False,False
1773,784031,h,False,False,True,False
1774,218927,h,False,False,True,False
1775,932987,h,False,False,True,False
1776,149553,h,False,False,True,False
1777,413405,h,False,False,True,False
1778,397334,d2,False,True,False,False
1779,399233,v,False,False,False,True
1780,272430,d,True,False,False,False
1781,795796,d2,False,True,False,False
1782,310403,d,True,False,False,False
1783,109599,d2,False,True,False,False
1784,913512,h,False,False,True,False
1785,241198,d,True,False,False,False
1786,731656,d2,False,True,False,False
1787,932669,d,True,False,False,False
1788,884923,d2,False,True,False,False
1789,237583,d2,False,True,False,False
1790,59483,h,False,False,True,False
1791,846230,v,False,False,False,True
1792,303499,d2,False,True,False,False
1793,747108,d,True,False,False,False
1794,163752,d2,False,True,False,False
1795,832312,v,False,False,False,True
1796,49862,d,True,False,False,False
1797,76145,h,False,False,True,False
1798,42936,h,False,False,True,False
1799,132962,d,True,False,False,False
1800,804243,h,False,False,True,False
1801,999250,h,False,False,True,False
1802,162745,d2,False,True,False,False
1803,341035,d2,False,True,False,False
1804,153120,d2,False,True,False,False
1805,677615,d,True,False,False,False
1806,348083,d,True,False,False,False
1807,829573,d,True,False,False,False
1808,101391,v,False,False,False,True
1809,239166,v,False,False,False,True
1810,119168,h,False,False,True,False
1811,371423,h,False,False,True,False
1812,857867,d2,False,True,False,False
1813,581092,v,False,False,False,True
1814,257539,v,False,False,False,True
1815,41581,h,False,False,True,False
1816,609762,h,False,False,True,False
1817,410703,h,False,False,True,False
1818,702361,d2,False,True,False,False
1819,169788,d,True,False,False,False
1820,392816,v,False,False,False,True
1821,830353,h,False,False,True,False
1822,986938,h,False,False,True,False
1823,357256,d2,False,True,False,False
1824,448863,h,False,False,True,False
1825,742132,h,False,False,True,False
1826,531036,h,False,False,True,False
1827,451702,d2,False,True,False,False
1828,835061,v,False,False,False,True
1829,422491,h,False,False,True,False
1830,80581,d,True,False,False,False
1831,142797,d,True,False,False,False
1832,519193,v,False,False,False,True
1833,295415,d,True,False,False,False
1834,328008,d2,False,True,False,False
1835,169542,d2,False,True,False,False
1836,611898,d2,False,True,False,False
1837,97881,v,False,False,False,True
1838,134100,h,False,False,True,False
1839,71151,h,False,False,True,False
1840,584354,d,True,False,False,False
1841,333215,d2,False,True,False,False
1842,499540,h,False,False,True,False
1843,294729,v,False,False,False,True
1844,891580,v,False,False,False,True
1845,907885,d2,False,True,False,False
1846,835324,d,True,False,False,False
1847,880954,v,False,False,False,True
1848,719034,v,False,False,False,True
1849,213530,d2,False,True,False,False
1850,612897,d2,False,True,False,False
1851,313494,v,False,False,False,True
1852,171887,d2,False,True,False,False
1853,615800,d,True,False,False,False
1854,575459,d,True,False,False,False
1855,864615,v,False,False,False,True
1856,582077,h,False,False,True,False
1857,340983,h,False,False,True,False
1858,167046,h,False,False,True,False
1859,134441,d2,False,True,False,False
1860,258719,v,False,False,False,True
1861,524357,h,False,False,True,False
1862,910320,h,False,False,True,False
1863,19240,d2,False,True,False,False
1864,640524,v,False,False,False,True
1865,792010,h,False,False,True,False
1866,271468,v,False,False,False,True
1867,465280,d2,False,True,False,False
1868,641190,v,False,False,False,True
1869,210149,d,True,False,False,False
1870,23728,v,False,False,False,True
1871,904549,d,True,False,False,False
1872,772802,h,False,False,True,False
1873,812978,d,True,False,False,False
1874,459245,v,False,False,False,True
1875,902248,h,False,False,True,False
1876,779349,d2,False,True,False,False
1877,218176,h,False,False,True,False
1878,128949,h,False,False,True,False
1879,78578,d2,False,True,False,False
1880,72749,v,False,False,False,True
1881,205810,d2,False,True,False,False
1882,233237,h,False,False,True,False
1883,353356,d,True,False,False,False
1884,811550,d2,False,True,False,False
1885,226905,v,False,False,False,True
1886,854324,h,False,False,True,False
1887,115675,d,True,False,False,False
1888,703964,d,True,False,False,False
1889,548035,d2,False,True,False,False
1890,774943,d,True,False,False,False
1891,86648,v,False,False,False,True
1892,297244,d,True,False,False,False
1893,619431,d2,False,True,False,False
1894,873003,d,True,False,False,False
1895,486964,d,True,False,False,False
1896,852918,d,True,False,False,False
1897,380107,d,True,False,False,False
1898,546355,d2,False,True,False,False
1899,635055,d,True,False,False,False
1900,22114,d,True,False,False,False
1901,414997,d,True,False,False,False
1902,437168,v,False,False,False,True
1903,414766,h,False,False,True,False
1904,321701,d,True,False,False,False
1905,457346,h,False,False,True,False
1906,304843,d,True,False,False,False
1907,317966,d,True,False,False,False
1908,753788,v,False,False,False,True
1909,804501,v,False,False,False,True
1910,181230,d,True,False,False,False
1911,49945,v,False,False,False,True
1912,346784,h,False,False,True,False
1913,182302,d,True,False,False,False
1914,320217,h,False,False,True,False
1915,821106,v,False,False,False,True
1916,807416,v,False,False,False,True
1917,339640,v,False,False,False,True
1918,171553,h,False,False,True,False
1919,982962,v,False,False,False,True
1920,31040,d,True,False,False,False
1921,33681,d,True,False,False,False
1922,960358,h,False,False,True,False
1923,512809,d,True,False,False,False
1924,342494,v,False,False,False,True
1925,419007,v,False,False,False,True
1926,871462,d,True,False,False,False
1927,646755,d2,False,True,False,False
1928,699649,v,False,False,False,True
1929,253704,v,False,False,False,True
1930,410270,d,True,False,False,False
1931,566225,d2,False,True,False,False
1932,403815,d2,False,True,False,False
1933,298831,v,False,False,False,True
1934,234606,h,False,False,True,False
1935,777766,h,False,False,True,False
1936,829119,v,False,False,False,True
1937,183375,v,False,False,False,True
1938,842335,d2,False,True,False,False
1939,589090,d2,False,True,False,False
1940,324141,h,False,False,True,False
1941,168825,h,False,False,True,False
1942,911322,d2,False,True,False,False
1943,116960,d,True,False,False,False
1944,960002,v,False,False,False,True
1945,788900,h,False,False,True,False
1946,227306,d2,False,True,False,False
1947,814740,d2,False,True,False,False
1948,238196,v,False,False,False,True
1949,986486,d2,False,True,False,False
1950,704193,d,True,False,False,False
1951,311216,h,False,False,True,False
1952,99273,h,False,False,True,False
1953,58691,h,False,False,True,False
1954,107929,h,False,False,True,False
1955,837462,d,True,False,False,False
1956,878914,v,False,False,False,True
1957,358243,v,False,False,False,True
1958,910846,h,False,False,True,False
1959,872574,v,False,False,False,True
1960,704169,v,False,False,False,True
1961,984773,d2,False,True,False,False
1962,616489,d2,False,True,False,False
1963,856126,v,False,False,False,True
1964,170183,v,False,False,False,True
1965,851923,h,False,False,True,False
1966,117436,h,False,False,True,False
1967,299056,d,True,False,False,False
1968,634468,h,False,False,True,False
1969,278885,d2,False,True,False,False
1970,113709,d2,False,True,False,False
1971,382620,h,False,False,True,False
1972,755285,v,False,False,False,True
1973,549173,d,True,False,False,False
1974,794023,d,True,False,False,False
1975,391878,h,False,False,True,False
1976,761554,h,False,False,True,False
1977,270904,h,False,False,True,False
1978,88338,h,False,False,True,False
1979,617701,h,False,False,True,False
1980,902312,d,True,False,False,False
1981,113094,h,False,False,True,False
1982,580288,h,False,False,True,False
1983,124413,d,True,False,False,False
1984,191677,d2,False,True,False,False
1985,206915,d,True,False,False,False
1986,903941,d,True,False,False,False
1987,40881,h,False,False,True,False
1988,534707,d2,False,True,False,False
1989,825693,d2,False,True,False,False
1990,983832,d,True,False,False,False
1991,186171,h,False,False,True,False
1992,236872,v,False,False,False,True
1993,665400,v,False,False,False,True
1994,262358,h,False,False,True,False
1995,152504,v,False,False,False,True
1996,239823,v,False,False,False,True
1997,909761,h,False,False,True,False
1998,854603,d2,False,True,False,False
1999,344824,d,True,False,False,False
2000,812071,v,False,False,False,True
2001,832971,d,True,False,False,False
2002,732587,d,True,False,False,False
2003,319476,d,True,False,False,False
2004,784537,v,False,False,False,True
2005,219248,h,False,False,True,False
2006,182230,d2,False,True,False,False
2007,923693,d,True,False,False,False
2008,675776,d2,False,True,False,False
2009,3409,h,False,False,True,False
2010,963887,h,False,False,True,False
2011,25265,d2,False,True,False,False
2012,768042,v,False,False,False,True
2013,294243,v,False,False,False,True
2014,548054,d2,False,True,False,False
2015,307398,d,True,False,False,False
2016,707491,d2,False,True,False,False
2017,676546,h,False,False,True,False
2018,932065,v,False,False,False,True
2019,526785,v,False,False,False,True
2020,715681,v,False,False,False,True
2021,617636,h,False,False,True,False
2022,657494,d,True,False,False,False
2023,42136,d,True,False,False,False
2024,204808,d2,False,True,False,False
2025,312213,d,True,False,False,False
2026,888034,h,False,False,True,False
2027,926422,h,False,False,True,False
2028,144447,h,False,False,True,False
2029,189645,h,False,False,True,False
2030,611414,d,True,False,False,False
2031,981259,h,False,False,True,False
2032,346811,h,False,False,True,False
2033,12323,v,False,False,False,True
2034,971324,h,False,False,True,False
2035,433816,v,False,False,False,True
2036,175770,d,True,False,False,False
2037,88547,h,False,False,True,False
2038,877102,h,False,False,True,False
2039,160661,d,True,False,False,False
2040,755789,v,False,False,False,True
2041,791773,v,False,False,False,True
2042,667300,v,False,False,False,True
2043,694204,v,False,False,False,True
2044,487306,h,False,False,True,False
2045,748063,d2,False,True,False,False
2046,551591,d2,False,True,False,False
2047,429084,v,False,False,False,True
2048,757024,v,False,False,False,True
2049,137141,d2,False,True,False,False
2050,381867,d2,False,True,False,False
2051,516857,v,False,False,False,True
2052,26827,d2,False,True,False,False
2053,762125,h,False,False,True,False
2054,199307,v,False,False,False,True
2055,805868,v,False,False,False,True
2056,418518,d2,False,True,False,False
2057,860885,v,False,False,False,True
2058,954601,d,True,False,False,False
2059,926478,d,True,False,False,False
2060,454796,d2,False,True,False,False
2061,379930,v,False,False,False,True
2062,794891,d,True,False,False,False
2063,601945,d2,False,True,False,False
2064,913665,h,False,False,True,False
2065,461002,d,True,False,False,False
2066,184125,v,False,False,False,True
2067,188690,d,True,False,False,False
2068,216815,d,True,False,False,False
2069,436221,d,True,False,False,False
2070,19008,h,False,False,True,False
2071,54624,d,True,False,False,False
2072,861858,v,False,False,False,True
2073,453384,d2,False,True,False,False
2074,298059,v,False,False,False,True
2075,840437,v,False,False,False,True
2076,524567,v,False,False,False,True
2077,539956,v,False,False,False,True
2078,849626,d,True,False,False,False
2079,506118,d,True,False,False,False
2080,280580,v,False,False,False,True
2081,668253,d,True,False,False,False
2082,574167,d,True,False,False,False
2083,711080,d2,False,True,False,False
2084,359548,h,False,False,True,False
2085,219952,h,False,False,True,False
2086,961897,d2,False,True,False,False
2087,192702,d2,False,True,False,False
2088,932374,h,False,False,True,False
2089,928046,v,False,False,False,True
2090,703587,h,False,False,True,False
2091,58402,h,False,False,True,False
2092,637999,v,False,False,False,True
2093,165311,d,True,False,False,False
2094,706532,v,False,False,False,True
2095,523865,d2,False,True,False,False
2096,400817,d2,False,True,False,False
2097,702753,h,False,False,True,False
2098,36273,v,False,False,False,True
2099,733722,d,True,False,False,False
2100,627389,h,False,False,True,False
2101,428489,h,False,False,True,False
2102,213844,d,True,False,False,False
2103,882356,d,True,False,False,False
2104,85366,d,True,False,False,False
2105,459753,v,False,False,False,True
2106,938264,v,False,False,False,True
2107,276958,d2,False,True,False,False
2108,478495,h,False,False,True,False
2109,817923,h,False,False,True,False
2110,634290,v,False,False,False,True
2111,239396,h,False,False,True,False
2112,752203,h,False,False,True,False
2113,810123,h,False,False,True,False
2114,315028,d2,False,True,False,False
2115,257954,h,False,False,True,False
2116,49319,v,False,False,False,True
2117,503254,h,False,False,True,False
2118,955843,d,True,False,False,False
2119,510913,d2,False,True,False,False
2120,879899,d2,False,True,False,False
2121,866621,d2,False,True,False,False
2122,803833,d,True,False,False,False
2123,558630,h,False,False,True,False
2124,476928,h,False,False,True,False
2125,618422,h,False,False,True,False
2126,842013,v,False,False,False,True
2127,270465,h,False,False,True,False
2128,969774,d2,False,True,False,False
2129,265190,h,False,False,True,False
2130,11815,h,False,False,True,False
2131,271709,h,False,False,True,False
2132,239767,d2,False,True,False,False
2133,694252,v,False,False,False,True
2134,486180,d,True,False,False,False
2135,519383,v,False,False,False,True
2136,63069,d,True,False,False,False
2137,477291,h,False,False,True,False
2138,645499,v,False,False,False,True
2139,830586,v,False,False,False,True
2140,482163,v,False,False,False,True
2141,520874,v,False,False,False,True
2142,443461,d,True,False,False,False
2143,481681,d2,False,True,False,False
2144,815499,v,False,False,False,True
2145,937815,h,False,False,True,False
2146,617947,d2,False,True,False,False
2147,821438,v,False,False,False,True
2148,197896,d,True,False,False,False
2149,402470,v,False,False,False,True
2150,521934,d,True,False,False,False
2151,813701,d2,False,True,False,False
2152,217531,h,False,False,True,False
2153,79256,v,False,False,False,True
2154,389476,d2,False,True,False,False
2155,434950,h,False,False,True,False
2156,698944,d,True,False,False,False
2157,111932,h,False,False,True,False
2158,265938,h,False,False,True,False
2159,561323,d,True,False,False,False
2160,557983,d,True,False,False,False
2161,898112,h,False,False,True,False
2162,969317,d2,False,True,False,False
2163,694835,v,False,False,False,True
2164,489084,d2,False,True,False,False
2165,876197,d2,False,True,False,False
2166,473647,d,True,False,False,False
2167,569416,d2,False,True,False,False
2168,866381,v,False,False,False,True
2169,427238,d,True,False,False,False
2170,164366,d2,False,True,False,False
2171,985643,h,False,False,True,False
2172,142532,v,False,False,False,True
2173,19326,h,False,False,True,False
2174,599229,h,False,False,True,False
2175,83017,d,True,False,False,False
2176,189045,d,True,False,False,False
2177,270146,v,False,False,False,True
2178,975919,v,False,False,False,True
2179,98743,d,True,False,False,False
2180,220180,d,True,False,False,False
2181,991501,h,False,False,True,False
2182,323129,d,True,False,False,False
2183,475079,d2,False,True,False,False
2184,757377,d,True,False,False,False
2185,315438,d2,False,True,False,False
2186,62104,h,False,False,True,False
2187,933555,d,True,False,False,False
2188,295187,v,False,False,False,True
2189,966895,d2,False,True,False,False
2190,251034,d2,False,True,False,False
2191,488751,h,False,False,True,False
2192,172516,h,False,False,True,False
2193,493864,d2,False,True,False,False
2194,336500,d2,False,True,False,False
2195,859428,v,False,False,False,True
2196,298185,v,False,False,False,True
2197,848568,d2,False,True,False,False
2198,708359,v,False,False,False,True
2199,585856,d2,False,True,False,False
2200,499984,h,False,False,True,False
2201,746623,d,True,False,False,False
2202,741164,h,False,False,True,False
2203,780577,d2,False,True,False,False
2204,207449,h,False,False,True,False
2205,594972,d,True,False,False,False
2206,811076,d,True,False,False,False
2207,87428,d2,False,True,False,False
2208,607494,h,False,False,True,False
2209,487652,d2,False,True,False,False
2210,416314,d2,False,True,False,False
2211,563369,d,True,False,False,False
2212,561008,d,True,False,False,False
2213,699307,v,False,False,False,True
2214,51617,d2,False,True,False,False
2215,308861,h,False,False,True,False
2216,607335,d2,False,True,False,False
2217,607522,h,False,False,True,False
2218,688578,v,False,False,False,True
2219,684607,d2,False,True,False,False
2220,985324,h,False,False,True,False
2221,686132,d2,False,True,False,False
2222,173925,d2,False,True,False,False
2223,139806,h,False,False,True,False
2224,134802,v,False,False,False,True
2225,592531,h,False,False,True,False
2226,338921,d2,False,True,False,False
2227,482724,d,True,False,False,False
2228,148471,v,False,False,False,True
2229,865618,v,False,False,False,True
2230,967662,h,False,False,True,False
2231,329908,d2,False,True,False,False
2232,986551,d,True,False,False,False
2233,36553,d,True,False,False,False
2234,742228,d2,False,True,False,False
2235,596357,d2,False,True,False,False
2236,948110,h,False,False,True,False
2237,306418,d,True,False,False,False
2238,535868,h,False,False,True,False
2239,202222,v,False,False,False,True
2240,226218,v,False,False,False,True
2241,347463,h,False,False,True,False
2242,195023,d2,False,True,False,False
2243,543054,v,False,False,False,True
2244,14385,d,True,False,False,False
2245,422731,d2,False,True,False,False
2246,989502,d2,False,True,False,False
2247,731369,h,False,False,True,False
2248,892294,h,False,False,True,False
2249,292914,v,False,False,False,True
2250,584210,d2,False,True,False,False
2251,358920,v,False,False,False,True
2252,569269,h,False,False,True,False
2253,348101,d,True,False,False,False
2254,30823,d,True,False,False,False
2255,95203,d,True,False,False,False
2256,591309,v,False,False,False,True
2257,809223,h,False,False,True,False
2258,864334,v,False,False,False,True
2259,404661,d2,False,True,False,False
2260,333705,d,True,False,False,False
2261,868173,v,False,False,False,True
2262,275364,v,False,False,False,True
2263,956960,d2,False,True,False,False
2264,353684,h,False,False,True,False
2265,536761,v,False,False,False,True
2266,417514,d2,False,True,False,False
2267,558882,d2,False,True,False,False
2268,355418,d2,False,True,False,False
2269,540157,v,False,False,False,True
2270,320023,d,True,False,False,False
2271,574608,d,True,False,False,False
2272,364909,d2,False,True,False,False
2273,584164,d,True,False,False,False
2274,260361,d,True,False,False,False
2275,75404,h,False,False,True,False
2276,629365,v,False,False,False,True
2277,452323,v,False,False,False,True
2278,341134,v,False,False,False,True
2279,217338,h,False,False,True,False
2280,629445,v,False,False,False,True
2281,123959,v,False,False,False,True
2282,684482,d2,False,True,False,False
2283,620333,d,True,False,False,False
2284,476200,h,False,False,True,False
2285,551851,d,True,False,False,False
2286,507682,h,False,False,True,False
2287,86683,v,False,False,False,True
2288,653978,d,True,False,False,False
2289,124257,d2,False,True,False,False
2290,733448,v,False,False,False,True
2291,936533,v,False,False,False,True
2292,216905,d,True,False,False,False
2293,728613,h,False,False,True,False
2294,282216,d,True,False,False,False
2295,597271,v,False,False,False,True
2296,203503,h,False,False,True,False
2297,813828,v,False,False,False,True
2298,849043,d,True,False,False,False
2299,604008,v,False,False,False,True
2300,138877,d,True,False,False,False
2301,403613,d2,False,True,False,False
2302,403756,d2,False,True,False,False
2303,564752,h,False,False,True,False
2304,748879,d2,False,True,False,False
2305,313673,v,False,False,False,True
2306,931140,h,False,False,True,False
2307,432523,h,False,False,True,False
2308,260248,d2,False,True,False,False
2309,448942,d,True,False,False,False
2310,56859,d2,False,True,False,False
2311,870680,v,False,False,False,True
2312,173207,d,True,False,False,False
2313,636572,v,False,False,False,True
2314,774936,h,False,False,True,False
2315,915943,d2,False,True,False,False
2316,448584,d,True,False,False,False
2317,73071,h,False,False,True,False
2318,989622,v,False,False,False,True
2319,50108,d,True,False,False,False
2320,894073,h,False,False,True,False
2321,248454,d,True,False,False,False
2322,785211,h,False,False,True,False
2323,743854,v,False,False,False,True
2324,39505,d,True,False,False,False
2325,271818,h,False,False,True,False
2326,395584,h,False,False,True,False
2327,122243,v,False,False,False,True
2328,118793,d2,False,True,False,False
2329,878068,d2,False,True,False,False
2330,957140,h,False,False,True,False
2331,715271,v,False,False,False,True
2332,75842,v,False,False,False,True
2333,733,d,True,False,False,False
2334,576100,h,False,False,True,False
2335,875583,v,False,False,False,True
2336,782861,d,True,False,False,False
2337,270599,h,False,False,True,False
2338,825787,v,False,False,False,True
2339,329483,v,False,False,False,True
2340,408082,d,True,False,False,False
2341,35594,v,False,False,False,True
2342,937073,h,False,False,True,False
2343,580391,h,False,False,True,False
2344,378215,v,False,False,False,True
2345,228997,v,False,False,False,True
2346,445547,d2,False,True,False,False
2347,376171,h,False,False,True,False
2348,196965,d,True,False,False,False
2349,596722,d2,False,True,False,False
2350,846648,v,False,False,False,True
2351,58941,h,False,False,True,False
2352,394164,v,False,False,False,True
2353,445601,d2,False,True,False,False
2354,414758,v,False,False,False,True
2355,930356,v,False,False,False,True
2356,91307,d2,False,True,False,False
2357,135686,v,False,False,False,True
2358,138973,v,False,False,False,True
2359,470125,d2,False,True,False,False
2360,537210,d,True,False,False,False
2361,351755,h,False,False,True,False
2362,846317,d,True,False,False,False
2363,153581,h,False,False,True,False
2364,504209,v,False,False,False,True
2365,651295,d2,False,True,False,False
2366,935005,d2,False,True,False,False
2367,216760,h,False,False,True,False
2368,53560,h,False,False,True,False
2369,556576,d,True,False,False,False
2370,184711,d,True,False,False,False
2371,385093,v,False,False,False,True
2372,290866,h,False,False,True,False
2373,444670,d,True,False,False,False
2374,159424,v,False,False,False,True
2375,335099,d,True,False,False,False
2376,262290,v,False,False,False,True
2377,713159,d2,False,True,False,False
2378,451298,h,False,False,True,False
2379,223279,d2,False,True,False,False
2380,139238,d,True,False,False,False
2381,860943,h,False,False,True,False
2382,244575,h,False,False,True,False
2383,932171,h,False,False,True,False
2384,593009,v,False,False,False,True
2385,802002,d2,False,True,False,False
2386,25049,v,False,False,False,True
2387,86545,v,False,False,False,True
2388,81966,h,False,False,True,False
2389,58820,d2,False,True,False,False
2390,602142,d2,False,True,False,False
2391,412,d,True,False,False,False
2392,23744,v,False,False,False,True
2393,984080,v,False,False,False,True
2394,946697,d,True,False,False,False
2395,664236,v,False,False,False,True
2396,734903,h,False,False,True,False
2397,132261,d,True,False,False,False
2398,512625,d,True,False,False,False
2399,775318,d,True,False,False,False
2400,581069,h,False,False,True,False
2401,749271,v,False,False,False,True
2402,982839,d,True,False,False,False
2403,525791,h,False,False,True,False
2404,759494,d2,False,True,False,False
2405,921051,h,False,False,True,False
2406,23435,d,True,False,False,False
2407,13694,d2,False,True,False,False
2408,749432,v,False,False,False,True
2409,326071,d,True,False,False,False
2410,553682,d2,False,True,False,False
2411,580817,h,False,False,True,False
2412,566538,d,True,False,False,False
2413,224769,d,True,False,False,False
2414,72692,v,False,False,False,True
2415,915592,h,False,False,True,False
2416,1670,h,False,False,True,False
2417,115132,d2,False,True,False,False
2418,37664,v,False,False,False,True
2419,702550,h,False,False,True,False
2420,929441,d,True,False,False,False
2421,400778,h,False,False,True,False
2422,1769,d2,False,True,False,False
2423,625277,d2,False,True,False,False
2424,442315,d,True,False,False,False
2425,514306,d,True,False,False,False
2426,521585,d2,False,True,False,False
2427,899434,d,True,False,False,False
2428,795881,v,False,False,False,True
2429,37772,d,True,False,False,False
2430,465417,d2,False,True,False,False
2431,642082,d2,False,True,False,False
2432,244185,h,False,False,True,False
2433,771581,v,False,False,False,True
2434,507628,h,False,False,True,False
2435,94345,d,True,False,False,False
2436,672311,d2,False,True,False,False
2437,309568,d2,False,True,False,False
2438,788985,h,False,False,True,False
2439,941246,d,True,False,False,False
2440,68621,d2,False,True,False,False
2441,248475,d,True,False,False,False
2442,735332,d,True,False,False,False
2443,719938,d,True,False,False,False
2444,181919,v,False,False,False,True
2445,376777,h,False,False,True,False
2446,943009,d,True,False,False,False
2447,470090,h,False,False,True,False
2448,272526,d2,False,True,False,False
2449,341530,h,False,False,True,False
2450,187742,h,False,False,True,False
2451,61041,d,True,False,False,False
2452,123730,d,True,False,False,False
2453,27955,d,True,False,False,False
2454,866450,v,False,False,False,True
2455,961655,d,True,False,False,False
2456,50528,h,False,False,True,False
2457,802342,d2,False,True,False,False
2458,370906,h,False,False,True,False
2459,705738,v,False,False,False,True
2460,22361,d2,False,True,False,False
2461,628664,d2,False,True,False,False
2462,689723,h,False,False,True,False
2463,839217,h,False,False,True,False
2464,131004,v,False,False,False,True
2465,550463,v,False,False,False,True
2466,581546,d2,False,True,False,False
2467,61421,h,False,False,True,False
2468,719206,v,False,False,False,True
2469,277167,h,False,False,True,False
2470,516639,d2,False,True,False,False
2471,392620,d,True,False,False,False
2472,795557,v,False,False,False,True
2473,652035,d,True,False,False,False
2474,900415,h,False,False,True,False
2475,789680,h,False,False,True,False
2476,67824,d,True,False,False,False
2477,170706,d,True,False,False,False
2478,648474,d2,False,True,False,False
2479,37607,h,False,False,True,False
2480,922580,d,True,False,False,False
2481,839446,v,False,False,False,True
2482,153761,v,False,False,False,True
2483,336166,d2,False,True,False,False
2484,32644,h,False,False,True,False
2485,874369,v,False,False,False,True
2486,204707,v,False,False,False,True
2487,716661,d2,False,True,False,False
2488,320832,h,False,False,True,False
2489,406476,v,False,False,False,True
2490,141880,v,False,False,False,True
2491,828606,h,False,False,True,False
2492,297332,d2,False,True,False,False
2493,735399,v,False,False,False,True
2494,187780,d2,False,True,False,False
2495,588501,h,False,False,True,False
2496,803864,d,True,False,False,False
2497,259756,d,True,False,False,False
2498,852656,v,False,False,False,True
2499,595850,h,False,False,True,False
2500,306592,v,False,False,False,True
2501,947677,v,False,False,False,True
2502,171860,d2,False,True,False,False
2503,413928,v,False,False,False,True
2504,733937,v,False,False,False,True
2505,751542,d2,False,True,False,False
2506,133034,d2,False,True,False,False
2507,102547,v,False,False,False,True
2508,666781,h,False,False,True,False
2509,392487,d,True,False,False,False
2510,599716,v,False,False,False,True
2511,853177,v,False,False,False,True
2512,872105,h,False,False,True,False
2513,532432,h,False,False,True,False
2514,40551,d,True,False,False,False
2515,622056,h,False,False,True,False
2516,518370,v,False,False,False,True
2517,29985,d2,False,True,False,False
2518,209918,h,False,False,True,False
2519,702667,d2,False,True,False,False
2520,541466,d,True,False,False,False
2521,790295,h,False,False,True,False
2522,820099,v,False,False,False,True
2523,541760,d,True,False,False,False
2524,674325,d,True,False,False,False
2525,913430,d2,False,True,False,False
2526,247908,v,False,False,False,True
2527,535686,v,False,False,False,True
2528,217402,d,True,False,False,False
2529,14365,d,True,False,False,False
2530,365589,d2,False,True,False,False
2531,79442,d,True,False,False,False
2532,976428,d2,False,True,False,False
2533,505252,d,True,False,False,False
2534,504936,d,True,False,False,False
2535,292433,d,True,False,False,False
2536,548156,d,True,False,False,False
2537,582169,h,False,False,True,False
2538,739308,h,False,False,True,False
2539,594648,h,False,False,True,False
2540,326296,d,True,False,False,False
2541,953598,h,False,False,True,False
2542,711615,v,False,False,False,True
2543,572276,h,False,False,True,False
2544,430203,v,False,False,False,True
2545,467089,h,False,False,True,False
2546,4831,d2,False,True,False,False
2547,965012,d2,False,True,False,False
2548,159229,d,True,False,False,False
2549,748412,h,False,False,True,False
2550,744607,h,False,False,True,False
2551,173403,v,False,False,False,True
2552,549846,v,False,False,False,True
2553,936936,v,False,False,False,True
2554,804414,d,True,False,False,False
2555,151476,d,True,False,False,False
2556,565874,h,False,False,True,False
2557,425422,v,False,False,False,True
2558,143190,d2,False,True,False,False
2559,476080,d,True,False,False,False
2560,310486,h,False,False,True,False
2561,992963,d2,False,True,False,False
2562,999070,v,False,False,False,True
2563,427107,d,True,False,False,False
2564,222485,d,True,False,False,False
2565,658541,d,True,False,False,False
2566,671100,d2,False,True,False,False
2567,151349,d2,False,True,False,False
2568,420926,v,False,False,False,True
2569,368911,d2,False,True,False,False
2570,17688,d,True,False,False,False
2571,244571,h,False,False,True,False
2572,270602,v,False,False,False,True
2573,319863,d2,False,True,False,False
2574,388579,d,True,False,False,False
2575,714690,d2,False,True,False,False
2576,142351,v,False,False,False,True
2577,827760,h,False,False,True,False
2578,765776,d2,False,True,False,False
2579,339974,v,False,False,False,True
2580,365274,d2,False,True,False,False
2581,733350,d2,False,True,False,False
2582,121559,d2,False,True,False,False
2583,583274,h,False,False,True,False
2584,238171,v,False,False,False,True
2585,164639,d2,False,True,False,False
2586,654593,v,False,False,False,True
2587,771830,d,True,False,False,False
2588,9856,d2,False,True,False,False
2589,579639,v,False,False,False,True
2590,696448,d,True,False,False,False
2591,818487,d,True,False,False,False
2592,568583,v,False,False,False,True
2593,755608,h,False,False,True,False
2594,457486,v,False,False,False,True
2595,839437,d2,False,True,False,False
2596,521729,h,False,False,True,False
2597,533293,v,False,False,False,True
2598,428664,h,False,False,True,False
2599,902023,d2,False,True,False,False
2600,257196,d,True,False,False,False
2601,296625,d,True,False,False,False
2602,849986,d,True,False,False,False
2603,220762,d2,False,True,False,False
2604,109847,v,False,False,False,True
2605,896607,d2,False,True,False,False
2606,5696,d2,False,True,False,False
2607,335033,v,False,False,False,True
2608,492611,v,False,False,False,True
2609,595795,v,False,False,False,True
2610,422676,d2,False,True,False,False
2611,355516,h,False,False,True,False
2612,229992,h,False,False,True,False
2613,904486,d,True,False,False,False
2614,29752,h,False,False,True,False
2615,885870,d,True,False,False,False
2616,644898,d,True,False,False,False
2617,618949,d2,False,True,False,False
2618,621163,d2,False,True,False,False
2619,785909,d2,False,True,False,False
2620,313420,h,False,False,True,False
2621,804224,d2,False,True,False,False
2622,94044,d2,False,True,False,False
2623,115871,h,False,False,True,False
2624,238906,v,False,False,False,True
2625,21933,h,False,False,True,False
2626,294240,h,False,False,True,False
2627,438024,v,False,False,False,True
2628,300243,h,False,False,True,False
2629,380596,v,False,False,False,True
2630,352139,d2,False,True,False,False
2631,217441,d,True,False,False,False
2632,789140,d,True,False,False,False
2633,446533,h,False,False,True,False
2634,622901,h,False,False,True,False
2635,935361,h,False,False,True,False
2636,148254,d2,False,True,False,False
2637,953209,d2,False,True,False,False
2638,563998,v,False,False,False,True
2639,99186,d,True,False,False,False
2640,673794,v,False,False,False,True
2641,348492,v,False,False,False,True
2642,497292,h,False,False,True,False
2643,594109,h,False,False,True,False
2644,281650,d,True,False,False,False
2645,108339,d2,False,True,False,False
2646,931007,v,False,False,False,True
2647,535592,h,False,False,True,False
2648,407592,v,False,False,False,True
2649,416231,v,False,False,False,True
2650,698045,v,False,False,False,True
2651,460249,v,False,False,False,True
2652,46898,h,False,False,True,False
2653,787965,v,False,False,False,True
2654,710218,h,False,False,True,False
2655,69845,d2,False,True,False,False
2656,139054,v,False,False,False,True
2657,577434,d,True,False,False,False
2658,672618,v,False,False,False,True
2659,280314,d,True,False,False,False
2660,417042,d2,False,True,False,False
2661,655115,v,False,False,False,True
2662,644799,h,False,False,True,False
2663,489572,v,False,False,False,True
2664,591559,v,False,False,False,True
2665,526257,v,False,False,False,True
2666,340913,v,False,False,False,True
2667,437757,d2,False,True,False,False
2668,187643,h,False,False,True,False
2669,459068,v,False,False,False,True
2670,924653,h,False,False,True,False
2671,925712,v,False,False,False,True
2672,651097,h,False,False,True,False
2673,417824,d,True,False,False,False
2674,643774,d,True,False,False,False
2675,475986,h,False,False,True,False
2676,841304,v,False,False,False,True
2677,272485,d2,False,True,False,False
2678,1038,d,True,False,False,False
2679,590082,v,False,False,False,True
2680,658476,d2,False,True,False,False
2681,389600,h,False,False,True,False
2682,339832,d,True,False,False,False
2683,906030,v,False,False,False,True
2684,846152,v,False,False,False,True
2685,532592,v,False,False,False,True
2686,864810,d,True,False,False,False
2687,741067,v,False,False,False,True
2688,279248,d,True,False,False,False
2689,119479,d2,False,True,False,False
2690,608057,d2,False,True,False,False
2691,827454,d,True,False,False,False
2692,161924,d,True,False,False,False
2693,265059,v,False,False,False,True
2694,705325,h,False,False,True,False
2695,679688,v,False,False,False,True
2696,467922,h,False,False,True,False
2697,567499,v,False,False,False,True
2698,707527,d2,False,True,False,False
2699,101578,v,False,False,False,True
2700,515354,d2,False,True,False,False
2701,955434,d2,False,True,False,False
2702,341857,d2,False,True,False,False
2703,757440,d,True,False,False,False
2704,326100,d2,False,True,False,False
2705,308269,d2,False,True,False,False
2706,111612,v,False,False,False,True
2707,140937,h,False,False,True,False
2708,601194,d2,False,True,False,False
2709,308683,d,True,False,False,False
2710,560694,h,False,False,True,False
2711,96861,d,True,False,False,False
2712,323871,d,True,False,False,False
2713,290712,d,True,False,False,False
2714,56876,h,False,False,True,False
2715,701191,d,True,False,False,False
2716,536178,d,True,False,False,False
2717,396854,v,False,False,False,True
2718,681913,v,False,False,False,True
2719,254295,d2,False,True,False,False
2720,944466,h,False,False,True,False
2721,714952,v,False,False,False,True
2722,707298,h,False,False,True,False
2723,263274,d2,False,True,False,False
2724,778869,d2,False,True,False,False
2725,546148,d,True,False,False,False
2726,963276,d,True,False,False,False
2727,111001,v,False,False,False,True
2728,260261,d,True,False,False,False
2729,346393,d,True,False,False,False
2730,108462,d,True,False,False,False
2731,949928,h,False,False,True,False
2732,752549,h,False,False,True,False
2733,453673,h,False,False,True,False
2734,440528,h,False,False,True,False
2735,905982,v,False,False,False,True
2736,141287,d2,False,True,False,False
2737,772736,d,True,False,False,False
2738,368886,d2,False,True,False,False
2739,619696,v,False,False,False,True
2740,95074,d2,False,True,False,False
2741,971999,v,False,False,False,True
2742,371662,v,False,False,False,True
2743,310333,h,False,False,True,False
2744,702598,d2,False,True,False,False
2745,741680,d2,False,True,False,False
2746,754657,h,False,False,True,False
2747,446922,v,False,False,False,True
2748,282745,v,False,False,False,True
2749,226596,d,True,False,False,False
2750,613812,h,False,False,True,False
2751,442063,d2,False,True,False,False
2752,153893,h,False,False,True,False
2753,832865,v,False,False,False,True
2754,625342,d2,False,True,False,False
2755,249437,d2,False,True,False,False
2756,619265,v,False,False,False,True
2757,323856,d2,False,True,False,False
2758,873290,d2,False,True,False,False
2759,564829,v,False,False,False,True
2760,97317,d,True,False,False,False
2761,902814,h,False,False,True,False
2762,291463,d,True,False,False,False
2763,596562,d2,False,True,False,False
2764,142167,h,False,False,True,False
2765,255522,d2,False,True,False,False
2766,67929,d,True,False,False,False
2767,530032,v,False,False,False,True
2768,562498,v,False,False,False,True
2769,976462,v,False,False,False,True
2770,135336,h,False,False,True,False
2771,649356,d2,False,True,False,False
2772,816869,d2,False,True,False,False
2773,802427,d2,False,True,False,False
2774,217691,d,True,False,False,False
2775,642158,d2,False,True,False,False
2776,967022,h,False,False,True,False
2777,900187,d,True,False,False,False
2778,965188,d2,False,True,False,False
2779,18679,v,False,False,False,True
2780,831078,d2,False,True,False,False
2781,789694,v,False,False,False,True
2782,362079,d2,False,True,False,False
2783,922435,d2,False,True,False,False
2784,799731,h,False,False,True,False
2785,660301,h,False,False,True,False
2786,82275,d,True,False,False,False
2787,617391,d2,False,True,False,False
2788,919303,d2,False,True,False,False
2789,118072,d,True,False,False,False
2790,714788,h,False,False,True,False
2791,12386,d,True,False,False,False
2792,419626,d,True,False,False,False
2793,253796,h,False,False,True,False
2794,877540,d2,False,True,False,False
2795,930968,h,False,False,True,False
2796,599530,d,True,False,False,False
2797,939385,h,False,False,True,False
2798,560894,h,False,False,True,False
2799,192801,h,False,False,True,False
2800,142569,h,False,False,True,False
2801,226679,h,False,False,True,False
2802,50016,h,False,False,True,False
2803,970929,d2,False,True,False,False
2804,628736,d,True,False,False,False
2805,966551,v,False,False,False,True
2806,562155,h,False,False,True,False
2807,686472,h,False,False,True,False
2808,80383,h,False,False,True,False
2809,514462,h,False,False,True,False
2810,370965,h,False,False,True,False
2811,149336,v,False,False,False,True
2812,784446,v,False,False,False,True
2813,675157,d,True,False,False,False
2814,701028,v,False,False,False,True
2815,552955,d2,False,True,False,False
2816,266800,d,True,False,False,False
2817,755673,d,True,False,False,False
2818,104960,d2,False,True,False,False
2819,808017,v,False,False,False,True
2820,177696,v,False,False,False,True
2821,682622,v,False,False,False,True
2822,933706,d2,False,True,False,False
2823,653790,d,True,False,False,False
2824,574444,h,False,False,True,False
2825,174999,v,False,False,False,True
2826,358816,v,False,False,False,True
2827,434242,v,False,False,False,True
2828,16469,v,False,False,False,True
2829,9846,v,False,False,False,True
2830,820539,h,False,False,True,False
2831,703030,d2,False,True,False,False
2832,353173,d2,False,True,False,False
2833,927046,h,False,False,True,False
2834,489682,h,False,False,True,False
2835,679938,d,True,False,False,False
2836,95057,v,False,False,False,True
2837,896289,h,False,False,True,False
2838,100498,d2,False,True,False,False
2839,351736,h,False,False,True,False
2840,394474,v,False,False,False,True
2841,697329,d,True,False,False,False
2842,749954,d2,False,True,False,False
2843,561028,h,False,False,True,False
2844,703232,h,False,False,True,False
2845,119853,h,False,False,True,False
2846,442907,v,False,False,False,True
2847,268522,h,False,False,True,False
2848,869727,h,False,False,True,False
2849,227870,h,False,False,True,False
2850,549804,d2,False,True,False,False
2851,875841,d,True,False,False,False
2852,810313,h,False,False,True,False
2853,912990,d,True,False,False,False
2854,610315,h,False,False,True,False
2855,323436,d2,False,True,False,False
2856,500379,v,False,False,False,True
2857,7816,d2,False,True,False,False
2858,688499,v,False,False,False,True
2859,672424,v,False,False,False,True
2860,864859,d2,False,True,False,False
2861,250132,h,False,False,True,False
2862,194718,v,False,False,False,True
2863,375961,h,False,False,True,False
2864,218677,d2,False,True,False,False
2865,258111,d2,False,True,False,False
2866,323263,v,False,False,False,True
2867,914937,h,False,False,True,False
2868,575750,d2,False,True,False,False
2869,450194,d,True,False,False,False
2870,602217,v,False,False,False,True
2871,672528,d2,False,True,False,False
2872,975689,d2,False,True,False,False
2873,904297,h,False,False,True,False
2874,642819,d2,False,True,False,False
2875,996247,v,False,False,False,True
2876,242259,d,True,False,False,False
2877,63843,v,False,False,False,True
2878,247067,v,False,False,False,True
2879,175236,d,True,False,False,False
2880,212758,d,True,False,False,False
2881,774595,d,True,False,False,False
2882,386148,d2,False,True,False,False
2883,534404,d,True,False,False,False
2884,43835,v,False,False,False,True
2885,802430,h,False,False,True,False
2886,676651,v,False,False,False,True
2887,75661,v,False,False,False,True
2888,809324,h,False,False,True,False
2889,58730,d,True,False,False,False
2890,757187,h,False,False,True,False
2891,505376,v,False,False,False,True
2892,328299,d,True,False,False,False
2893,811146,v,False,False,False,True
2894,828020,d2,False,True,False,False
2895,163366,d2,False,True,False,False
2896,314069,h,False,False,True,False
2897,826810,d2,False,True,False,False
2898,34538,d,True,False,False,False
2899,943861,d,True,False,False,False
2900,461392,d,True,False,False,False
2901,944793,v,False,False,False,True
2902,314768,d,True,False,False,False
2903,632731,d2,False,True,False,False
2904,802426,h,False,False,True,False
2905,17472,d,True,False,False,False
2906,385383,v,False,False,False,True
2907,729797,d,True,False,False,False
2908,880637,d2,False,True,False,False
2909,505014,d,True,False,False,False
2910,101037,h,False,False,True,False
2911,940947,h,False,False,True,False
2912,497992,v,False,False,False,True
2913,503424,h,False,False,True,False
2914,626737,d,True,False,False,False
2915,349702,d,True,False,False,False
2916,711826,d,True,False,False,False
2917,880629,d,True,False,False,False
2918,1803,d2,False,True,False,False
2919,510138,h,False,False,True,False
2920,28015,d,True,False,False,False
2921,878487,d,True,False,False,False
2922,212643,h,False,False,True,False
2923,454653,d,True,False,False,False
2924,545918,v,False,False,False,True
2925,535006,v,False,False,False,True
2926,37545,v,False,False,False,True
2927,4725,h,False,False,True,False
2928,688927,h,False,False,True,False
2929,208122,h,False,False,True,False
2930,79339,h,False,False,True,False
2931,205069,v,False,False,False,True
2932,897603,d2,False,True,False,False
2933,415673,d,True,False,False,False
2934,498887,v,False,False,False,True
2935,14448,d,True,False,False,False
2936,716409,v,False,False,False,True
2937,301159,d,True,False,False,False
2938,136764,h,False,False,True,False
2939,861831,d,True,False,False,False
2940,894019,v,False,False,False,True
2941,355287,d,True,False,False,False
2942,112251,d,True,False,False,False
2943,717220,v,False,False,False,True
2944,613729,h,False,False,True,False
2945,351846,d2,False,True,False,False
2946,453822,h,False,False,True,False
2947,934444,d2,False,True,False,False
2948,967887,h,False,False,True,False
2949,448402,d,True,False,False,False
2950,97900,v,False,False,False,True
2951,446040,h,False,False,True,False
2952,910575,d,True,False,False,False
2953,907847,h,False,False,True,False
2954,449158,v,False,False,False,True
2955,143486,h,False,False,True,False
2956,553458,d,True,False,False,False
2957,218839,d2,False,True,False,False
2958,341748,d2,False,True,False,False
2959,227639,h,False,False,True,False
2960,780022,h,False,False,True,False
2961,123307,v,False,False,False,True
2962,819928,v,False,False,False,True
2963,815901,h,False,False,True,False
2964,646762,d2,False,True,False,False
2965,86405,v,False,False,False,True
2966,193844,d,True,False,False,False
2967,255450,v,False,False,False,True
2968,848334,d,True,False,False,False
2969,652667,d,True,False,False,False
2970,237075,d,True,False,False,False
2971,754364,d,True,False,False,False
2972,195336,d,True,False,False,False
2973,5208,d,True,False,False,False
2974,363816,h,False,False,True,False
2975,760373,d,True,False,False,False
2976,415508,d2,False,True,False,False
2977,207382,v,False,False,False,True
2978,565749,v,False,False,False,True
2979,626639,d,True,False,False,False
2980,917714,h,False,False,True,False
2981,254214,d,True,False,False,False
2982,626373,d2,False,True,False,False
2983,86416,v,False,False,False,True
2984,744143,h,False,False,True,False
2985,232141,h,False,False,True,False
2986,217566,d,True,False,False,False
2987,367850,v,False,False,False,True
2988,643937,d2,False,True,False,False
2989,844297,h,False,False,True,False
2990,453746,v,False,False,False,True
2991,955552,d2,False,True,False,False
2992,310260,d2,False,True,False,False
2993,474478,d,True,False,False,False
2994,731825,v,False,False,False,True
2995,170271,h,False,False,True,False
2996,85197,h,False,False,True,False
2997,8397,d2,False,True,False,False
2998,219226,d2,False,True,False,False
2999,40302,v,False,False,False,True
3000,985886,d,True,False,False,False
3001,657343,d,True,False,False,False
3002,202890,v,False,False,False,True
3003,826123,h,False,False,True,False
3004,216442,d2,False,True,False,False
3005,610624,d,True,False,False,False
3006,114652,d,True,False,False,False
3007,171333,d,True,False,False,False
3008,327799,d2,False,True,False,False
3009,893324,d2,False,True,False,False
3010,213320,v,False,False,False,True
3011,343095,d2,False,True,False,False
3012,229645,v,False,False,False,True
3013,715881,h,False,False,True,False
3014,975186,d,True,False,False,False
3015,437103,v,False,False,False,True
3016,402486,d2,False,True,False,False
3017,209413,d2,False,True,False,False
3018,113612,h,False,False,True,False
3019,618356,d,True,False,False,False
3020,96218,d,True,False,False,False
3021,924575,d,True,False,False,False
3022,337348,d2,False,True,False,False
3023,313441,d2,False,True,False,False
3024,625421,d,True,False,False,False
3025,652558,h,False,False,True,False
3026,33704,h,False,False,True,False
3027,437663,v,False,False,False,True
3028,81041,h,False,False,True,False
3029,153130,h,False,False,True,False
3030,593068,d2,False,True,False,False
3031,534506,h,False,False,True,False
3032,933748,v,False,False,False,True
3033,279437,d,True,False,False,False
3034,565476,d2,False,True,False,False
3035,345063,h,False,False,True,False
3036,952045,d2,False,True,False,False
3037,737046,h,False,False,True,False
3038,332848,h,False,False,True,False
3039,44522,d2,False,True,False,False
3040,675158,v,False,False,False,True
3041,150431,d,True,False,False,False
3042,49234,d2,False,True,False,False
3043,137183,h,False,False,True,False
3044,489299,d,True,False,False,False
3045,438833,d,True,False,False,False
3046,346197,v,False,False,False,True
3047,868152,v,False,False,False,True
3048,477252,d,True,False,False,False
3049,529237,d2,False,True,False,False
3050,948571,v,False,False,False,True
3051,66888,v,False,False,False,True
3052,499820,d,True,False,False,False
3053,913016,d2,False,True,False,False
3054,231523,d,True,False,False,False
3055,793024,d2,False,True,False,False
3056,615197,v,False,False,False,True
3057,813171,v,False,False,False,True
3058,533804,d2,False,True,False,False
3059,540046,h,False,False,True,False
3060,521126,h,False,False,True,False
3061,750912,d,True,False,False,False
3062,100021,v,False,False,False,True
3063,300902,d2,False,True,False,False
3064,363397,v,False,False,False,True
3065,105365,h,False,False,True,False
3066,536362,d2,False,True,False,False
3067,709202,d2,False,True,False,False
3068,698739,v,False,False,False,True
3069,902724,d2,False,True,False,False
3070,603655,h,False,False,True,False
3071,509475,h,False,False,True,False
3072,857762,d,True,False,False,False
3073,117519,d,True,False,False,False
3074,506962,d,True,False,False,False
3075,230160,v,False,False,False,True
3076,608551,d2,False,True,False,False
3077,629837,v,False,False,False,True
3078,399021,d,True,False,False,False
3079,404096,h,False,False,True,False
3080,453430,v,False,False,False,True
3081,209369,v,False,False,False,True
3082,642918,h,False,False,True,False
3083,369604,h,False,False,True,False
3084,479419,d2,False,True,False,False
3085,440798,d2,False,True,False,False
3086,768289,h,False,False,True,False
3087,125933,h,False,False,True,False
3088,709669,d2,False,True,False,False
3089,553292,h,False,False,True,False
3090,454282,h,False,False,True,False
3091,248522,h,False,False,True,False
3092,654630,h,False,False,True,False
3093,545901,h,False,False,True,False
3094,622392,v,False,False,False,True
3095,50375,v,False,False,False,True
3096,246205,d2,False,True,False,False
3097,740677,v,False,False,False,True
3098,645026,v,False,False,False,True
3099,850917,d,True,False,False,False
3100,379162,d2,False,True,False,False
3101,954464,d,True,False,False,False
3102,651908,d,True,False,False,False
3103,550599,d,True,False,False,False
3104,551211,d2,False,True,False,False
3105,773932,h,False,False,True,False
3106,607873,v,False,False,False,True
3107,364743,d,True,False,False,False
3108,479898,v,False,False,False,True
3109,738855,d2,False,True,False,False
3110,40533,d,True,False,False,False
3111,241254,d2,False,True,False,False
3112,831988,h,False,False,True,False
3113,564418,h,False,False,True,False
3114,470477,h,False,False,True,False
3115,399280,h,False,False,True,False
3116,55572,v,False,False,False,True
3117,722691,d2,False,True,False,False
3118,875538,d2,False,True,False,False
3119,786606,d,True,False,False,False
3120,616585,v,False,False,False,True
3121,617306,d2,False,True,False,False
3122,748276,h,False,False,True,False
3123,929845,h,False,False,True,False
3124,51762,d2,False,True,False,False
3125,670602,d,True,False,False,False
3126,742954,v,False,False,False,True
3127,387987,d,True,False,False,False
3128,887512,d2,False,True,False,False
3129,902081,d2,False,True,False,False
3130,63572,d2,False,True,False,False
3131,645642,h,False,False,True,False
3132,835777,h,False,False,True,False
3133,912411,d,True,False,False,False
3134,657989,d2,False,True,False,False
3135,315649,d2,False,True,False,False
3136,416358,d,True,False,False,False
3137,691940,d,True,False,False,False
3138,309031,v,False,False,False,True
3139,703094,d2,False,True,False,False
3140,116744,d,True,False,False,False
3141,428374,d2,False,True,False,False
3142,567892,v,False,False,False,True
3143,814788,d2,False,True,False,False
3144,829151,v,False,False,False,True
3145,864938,d,True,False,False,False
3146,300946,d2,False,True,False,False
3147,807443,h,False,False,True,False
3148,890194,v,False,False,False,True
3149,148377,d,True,False,False,False
3150,55012,d2,False,True,False,False
3151,318343,d2,False,True,False,False
3152,378513,d2,False,True,False,False
3153,894932,d,True,False,False,False
3154,751052,d2,False,True,False,False
3155,143927,v,False,False,False,True
3156,391033,d,True,False,False,False
3157,699552,d,True,False,False,False
3158,443016,d2,False,True,False,False
3159,818420,h,False,False,True,False
3160,512876,v,False,False,False,True
3161,771714,h,False,False,True,False
3162,761632,v,False,False,False,True
3163,478540,d2,False,True,False,False
3164,794666,v,False,False,False,True
3165,702557,d,True,False,False,False
3166,675486,h,False,False,True,False
3167,259058,h,False,False,True,False
3168,952149,v,False,False,False,True
3169,916830,v,False,False,False,True
3170,897436,h,False,False,True,False
3171,169766,v,False,False,False,True
3172,823822,d,True,False,False,False
3173,866145,d,True,False,False,False
3174,445897,h,False,False,True,False
3175,577915,d,True,False,False,False
3176,912059,h,False,False,True,False
3177,56848,d,True,False,False,False
3178,724901,d2,False,True,False,False
3179,87156,h,False,False,True,False
3180,80986,h,False,False,True,False
3181,939757,h,False,False,True,False
3182,127899,v,False,False,False,True
3183,971549,h,False,False,True,False
3184,916479,v,False,False,False,True
3185,130765,h,False,False,True,False
3186,716804,d2,False,True,False,False
3187,601648,v,False,False,False,True
3188,15038,d,True,False,False,False
3189,922664,v,False,False,False,True
3190,45532,h,False,False,True,False
3191,506310,d,True,False,False,False
3192,918863,v,False,False,False,True
3193,261853,h,False,False,True,False
3194,809195,v,False,False,False,True
3195,429693,d,True,False,False,False
3196,113100,h,False,False,True,False
3197,643192,h,False,False,True,False
3198,635801,d2,False,True,False,False
3199,307111,d2,False,True,False,False
3200,827906,h,False,False,True,False
3201,818413,h,False,False,True,False
3202,119217,d,True,False,False,False
3203,349706,d2,False,True,False,False
3204,609232,d,True,False,False,False
3205,972285,h,False,False,True,False
3206,969832,d2,False,True,False,False
3207,928227,d2,False,True,False,False
3208,472377,v,False,False,False,True
3209,224915,d,True,False,False,False
3210,3825,d2,False,True,False,False
3211,952410,d2,False,True,False,False
3212,602500,d2,False,True,False,False
3213,167509,d2,False,True,False,False
3214,46005,d,True,False,False,False
3215,748777,v,False,False,False,True
3216,910530,d,True,False,False,False
3217,539575,h,False,False,True,False
3218,42974,v,False,False,False,True
3219,391961,v,False,False,False,True
3220,274336,v,False,False,False,True
3221,1142,d,True,False,False,False
3222,527214,d2,False,True,False,False
3223,137702,h,False,False,True,False
3224,523785,d2,False,True,False,False
3225,758309,d,True,False,False,False
3226,109479,d2,False,True,False,False
3227,615654,d2,False,True,False,False
3228,996622,d,True,False,False,False
3229,549468,d,True,False,False,False
3230,293388,d2,False,True,False,False
3231,933968,h,False,False,True,False
3232,714321,v,False,False,False,True
3233,585739,d,True,False,False,False
3234,217084,v,False,False,False,True
3235,467715,v,False,False,False,True
3236,376067,d,True,False,False,False
3237,877480,d,True,False,False,False
3238,384861,d2,False,True,False,False
3239,769518,h,False,False,True,False
3240,321272,d,True,False,False,False
3241,999282,d,True,False,False,False
3242,659500,d2,False,True,False,False
3243,226866,h,False,False,True,False
3244,59428,d,True,False,False,False
3245,333412,d,True,False,False,False
3246,656500,d2,False,True,False,False
3247,129928,v,False,False,False,True
3248,219740,d,True,False,False,False
3249,277215,d2,False,True,False,False
3250,976847,h,False,False,True,False
3251,458465,v,False,False,False,True
3252,310677,d2,False,True,False,False
3253,523559,d2,False,True,False,False
3254,739047,d,True,False,False,False
3255,387811,d2,False,True,False,False
3256,646545,h,False,False,True,False
3257,371563,h,False,False,True,False
3258,763310,d2,False,True,False,False
3259,490938,d,True,False,False,False
3260,944610,d2,False,True,False,False
3261,235579,v,False,False,False,True
3262,991768,d,True,False,False,False
3263,426478,h,False,False,True,False
3264,730838,h,False,False,True,False
3265,624657,v,False,False,False,True
3266,970025,h,False,False,True,False
3267,152397,h,False,False,True,False
3268,441340,d2,False,True,False,False
3269,427261,d2,False,True,False,False
3270,953064,d2,False,True,False,False
3271,212433,d2,False,True,False,False
3272,986913,h,False,False,True,False
3273,980626,d2,False,True,False,False
3274,777334,d2,False,True,False,False
3275,207940,d,True,False,False,False
3276,819174,d2,False,True,False,False
3277,727434,d,True,False,False,False
3278,875787,h,False,False,True,False
3279,26105,d,True,False,False,False
3280,93520,d2,False,True,False,False
3281,739811,h,False,False,True,False
3282,914342,v,False,False,False,True
3283,141935,h,False,False,True,False
3284,918585,d2,False,True,False,False
3285,945899,d,True,False,False,False
3286,985758,d,True,False,False,False
3287,758599,d2,False,True,False,False
3288,773234,h,False,False,True,False
3289,671068,h,False,False,True,False
3290,891240,v,False,False,False,True
3291,724242,d,True,False,False,False
3292,77659,d,True,False,False,False
3293,623128,d2,False,True,False,False
3294,814206,v,False,False,False,True
3295,757586,h,False,False,True,False
3296,498541,h,False,False,True,False
3297,873996,d,True,False,False,False
3298,388822,v,False,False,False,True
3299,511092,h,False,False,True,False
3300,981027,h,False,False,True,False
3301,413190,h,False,False,True,False
3302,646759,v,False,False,False,True
3303,844384,h,False,False,True,False
3304,784792,v,False,False,False,True
3305,237505,d,True,False,False,False
3306,386075,d2,False,True,False,False
3307,505495,h,False,False,True,False
3308,748219,h,False,False,True,False
3309,194347,v,False,False,False,True
3310,958832,d,True,False,False,False
3311,338683,h,False,False,True,False
3312,134961,v,False,False,False,True
3313,720614,v,False,False,False,True
3314,633060,h,False,False,True,False
3315,969792,d,True,False,False,False
3316,674688,h,False,False,True,False
3317,547423,v,False,False,False,True
3318,448711,d,True,False,False,False
3319,179864,h,False,False,True,False
3320,390078,d,True,False,False,False
3321,138744,d,True,False,False,False
3322,235187,d,True,False,False,False
3323,580980,h,False,False,True,False
3324,209864,d,True,False,False,False
3325,632344,d2,False,True,False,False
3326,59136,h,False,False,True,False
3327,131573,d2,False,True,False,False
3328,653302,v,False,False,False,True
3329,508811,v,False,False,False,True
3330,11527,h,False,False,True,False
3331,747856,d2,False,True,False,False
3332,149557,h,False,False,True,False
3333,339851,v,False,False,False,True
3334,505624,h,False,False,True,False
3335,252961,h,False,False,True,False
3336,222857,v,False,False,False,True
3337,441741,h,False,False,True,False
3338,706732,d2,False,True,False,False
3339,766364,v,False,False,False,True
3340,743394,h,False,False,True,False
3341,973393,d2,False,True,False,False
3342,36131,v,False,False,False,True
3343,412443,d2,False,True,False,False
3344,554344,h,False,False,True,False
3345,599908,h,False,False,True,False
3346,108589,d,True,False,False,False
3347,344149,v,False,False,False,True
3348,457633,h,False,False,True,False
3349,265126,d,True,False,False,False
3350,57061,v,False,False,False,True
3351,811485,d,True,False,False,False
3352,211518,d2,False,True,False,False
3353,326952,h,False,False,True,False
3354,556495,v,False,False,False,True
3355,644803,d,True,False,False,False
3356,519039,h,False,False,True,False
3357,245705,d2,False,True,False,False
3358,776489,h,False,False,True,False
3359,111481,d,True,False,False,False
3360,516287,h,False,False,True,False
3361,199441,d2,False,True,False,False
3362,338971,h,False,False,True,False
3363,897609,v,False,False,False,True
3364,441568,h,False,False,True,False
3365,625454,d2,False,True,False,False
3366,158722,d,True,False,False,False
3367,755926,d,True,False,False,False
3368,446628,h,False,False,True,False
3369,226901,d2,False,True,False,False
3370,864031,d,True,False,False,False
3371,299901,d2,False,True,False,False
3372,187562,h,False,False,True,False
3373,973123,v,False,False,False,True
3374,349464,v,False,False,False,True
3375,151896,d2,False,True,False,False
3376,886643,v,False,False,False,True
3377,132972,v,False,False,False,True
3378,308712,h,False,False,True,False
3379,346920,d2,False,True,False,False
3380,53430,v,False,False,False,True
3381,294741,v,False,False,False,True
3382,475250,h,False,False,True,False
3383,99015,d2,False,True,False,False
3384,407186,d2,False,True,False,False
3385,989211,h,False,False,True,False
3386,827913,v,False,False,False,True
3387,263294,h,False,False,True,False
3388,417601,d2,False,True,False,False
3389,650586,d2,False,True,False,False
3390,765559,v,False,False,False,True
3391,803937,v,False,False,False,True
3392,793940,d2,False,True,False,False
3393,106822,d2,False,True,False,False
3394,29992,v,False,False,False,True
3395,846712,d,True,False,False,False
3396,341004,v,False,False,False,True
3397,20180,v,False,False,False,True
3398,229874,h,False,False,True,False
3399,892008,d,True,False,False,False
3400,508128,d,True,False,False,False
3401,604357,v,False,False,False,True
3402,901749,d,True,False,False,False
3403,198343,h,False,False,True,False
3404,933023,h,False,False,True,False
3405,212976,h,False,False,True,False
3406,89337,d2,False,True,False,False
3407,383201,h,False,False,True,False
3408,426298,v,False,False,False,True
3409,11416,v,False,False,False,True
3410,889618,v,False,False,False,True
3411,360075,d2,False,True,False,False
3412,998718,h,False,False,True,False
3413,577209,h,False,False,True,False
3414,106405,d,True,False,False,False
3415,78174,v,False,False,False,True
3416,725786,d,True,False,False,False
3417,707964,h,False,False,True,False
3418,135870,v,False,False,False,True
3419,265526,h,False,False,True,False
3420,636514,d2,False,True,False,False
3421,55481,d2,False,True,False,False
3422,314867,v,False,False,False,True
3423,715142,h,False,False,True,False
3424,227962,d,True,False,False,False
3425,96615,d2,False,True,False,False
3426,412361,d2,False,True,False,False
3427,843531,d,True,False,False,False
3428,881698,d,True,False,False,False
3429,435068,v,False,False,False,True
3430,335083,d2,False,True,False,False
3431,824851,v,False,False,False,True
3432,614849,d,True,False,False,False
3433,844456,d,True,False,False,False
3434,3687,d2,False,True,False,False
3435,256929,h,False,False,True,False
3436,592727,h,False,False,True,False
3437,120108,h,False,False,True,False
3438,716864,d2,False,True,False,False
3439,861466,d,True,False,False,False
3440,221120,v,False,False,False,True
3441,45591,v,False,False,False,True
3442,203985,d,True,False,False,False
3443,709687,h,False,False,True,False
3444,37180,v,False,False,False,True
3445,553648,d2,False,True,False,False
3446,520725,d2,False,True,False,False
3447,938304,h,False,False,True,False
3448,223014,v,False,False,False,True
3449,126756,d2,False,True,False,False
3450,348675,d2,False,True,False,False
3451,740167,d2,False,True,False,False
3452,293633,v,False,False,False,True
3453,358749,h,False,False,True,False
3454,879967,v,False,False,False,True
3455,433733,d2,False,True,False,False
3456,806311,v,False,False,False,True
3457,833772,v,False,False,False,True
3458,274720,d2,False,True,False,False
3459,281833,v,False,False,False,True
3460,904533,v,False,False,False,True
3461,70632,d,True,False,False,False
3462,926739,d,True,False,False,False
3463,239405,v,False,False,False,True
3464,920241,d2,False,True,False,False
3465,940357,d2,False,True,False,False
3466,983043,d2,False,True,False,False
3467,261479,h,False,False,True,False
3468,297580,h,False,False,True,False
3469,679544,h,False,False,True,False
3470,548983,d,True,False,False,False
3471,396413,h,False,False,True,False
3472,212302,d,True,False,False,False
3473,846194,d2,False,True,False,False
3474,724869,v,False,False,False,True
3475,46041,d,True,False,False,False
3476,114972,d,True,False,False,False
3477,201963,v,False,False,False,True
3478,138311,h,False,False,True,False
3479,856012,v,False,False,False,True
3480,589409,d,True,False,False,False
3481,953662,v,False,False,False,True
3482,862019,d,True,False,False,False
3483,923882,v,False,False,False,True
3484,356793,d,True,False,False,False
3485,318826,d,True,False,False,False
3486,203152,h,False,False,True,False
3487,193638,h,False,False,True,False
3488,489729,h,False,False,True,False
3489,772576,d,True,False,False,False
3490,279903,h,False,False,True,False
3491,484031,d2,False,True,False,False
3492,340123,d2,False,True,False,False
3493,549057,h,False,False,True,False
3494,659091,d,True,False,False,False
3495,453072,h,False,False,True,False
3496,977490,d,True,False,False,False
3497,782032,d2,False,True,False,False
3498,553428,d,True,False,False,False
3499,939820,d,True,False,False,False
3500,213834,h,False,False,True,False
3501,43505,d2,False,True,False,False
3502,690901,v,False,False,False,True
3503,744269,d2,False,True,False,False
3504,827960,d,True,False,False,False
3505,50838,h,False,False,True,False
3506,622905,d2,False,True,False,False
3507,994493,d2,False,True,False,False
3508,176564,d,True,False,False,False
3509,752676,d2,False,True,False,False
3510,800843,d,True,False,False,False
3511,838841,d,True,False,False,False
3512,732867,h,False,False,True,False
3513,503796,h,False,False,True,False
3514,522187,v,False,False,False,True
3515,920330,h,False,False,True,False
3516,507112,v,False,False,False,True
3517,108794,d,True,False,False,False
3518,423816,d,True,False,False,False
3519,606036,d2,False,True,False,False
3520,451060,d2,False,True,False,False
3521,485200,d2,False,True,False,False
3522,324322,d2,False,True,False,False
3523,851113,v,False,False,False,True
3524,399023,h,False,False,True,False
3525,435008,h,False,False,True,False
3526,458229,h,False,False,True,False
3527,306132,h,False,False,True,False
3528,306070,h,False,False,True,False
3529,452361,d,True,False,False,False
3530,264678,d2,False,True,False,False
3531,940534,d2,False,True,False,False
3532,313188,d,True,False,False,False
3533,448387,d2,False,True,False,False
3534,807819,h,False,False,True,False
3535,51237,d2,False,True,False,False
3536,41780,v,False,False,False,True
3537,567381,v,False,False,False,True
3538,118608,d2,False,True,False,False
3539,463058,h,False,False,True,False
3540,283654,d2,False,True,False,False
3541,709255,d2,False,True,False,False
3542,863946,h,False,False,True,False
3543,112127,d,True,False,False,False
3544,375611,h,False,False,True,False
3545,793340,d,True,False,False,False
3546,533180,d2,False,True,False,False
3547,831733,h,False,False,True,False
3548,448055,v,False,False,False,True
3549,849179,d2,False,True,False,False
3550,953724,d2,False,True,False,False
3551,641377,d2,False,True,False,False
3552,129960,v,False,False,False,True
3553,141815,h,False,False,True,False
3554,200307,v,False,False,False,True
3555,42196,h,False,False,True,False
3556,89978,d,True,False,False,False
3557,505199,d,True,False,False,False
3558,588596,v,False,False,False,True
3559,279601,d,True,False,False,False
3560,819409,v,False,False,False,True
3561,303886,v,False,False,False,True
3562,905143,d,True,False,False,False
3563,435007,h,False,False,True,False
3564,316660,h,False,False,True,False
3565,782557,d,True,False,False,False
3566,368733,v,False,False,False,True
3567,716949,h,False,False,True,False
3568,715386,d,True,False,False,False
3569,557351,d2,False,True,False,False
3570,638053,v,False,False,False,True
3571,136485,v,False,False,False,True
3572,31031,h,False,False,True,False
3573,382064,d2,False,True,False,False
3574,228471,h,False,False,True,False
3575,816023,d2,False,True,False,False
3576,7942,h,False,False,True,False
3577,759135,d2,False,True,False,False
3578,241210,h,False,False,True,False
3579,161023,d,True,False,False,False
3580,305225,d2,False,True,False,False
3581,314817,h,False,False,True,False
3582,819071,v,False,False,False,True
3583,508001,h,False,False,True,False
3584,809447,v,False,False,False,True
3585,245653,h,False,False,True,False
3586,919955,v,False,False,False,True
3587,647720,v,False,False,False,True
3588,78312,d2,False,True,False,False
3589,364406,d2,False,True,False,False
3590,115069,d,True,False,False,False
3591,69725,d2,False,True,False,False
3592,771735,h,False,False,True,False
3593,127503,d,True,False,False,False
3594,936737,v,False,False,False,True
3595,188940,v,False,False,False,True
3596,347990,d2,False,True,False,False
3597,296606,d2,False,True,False,False
3598,151529,v,False,False,False,True
3599,114940,v,False,False,False,True
3600,927443,v,False,False,False,True
3601,815011,h,False,False,True,False
3602,416351,d2,False,True,False,False
3603,477816,d,True,False,False,False
3604,554556,v,False,False,False,True
3605,869532,v,False,False,False,True
3606,353415,v,False,False,False,True
3607,901495,v,False,False,False,True
3608,580772,h,False,False,True,False
3609,980756,d,True,False,False,False
3610,130994,d2,False,True,False,False
3611,929658,v,False,False,False,True
3612,551518,v,False,False,False,True
3613,485016,v,False,False,False,True
3614,545606,h,False,False,True,False
3615,10439,h,False,False,True,False
3616,332478,d2,False,True,False,False
3617,916114,h,False,False,True,False
3618,571692,v,False,False,False,True
3619,586737,v,False,False,False,True
3620,417030,d2,False,True,False,False
3621,614493,h,False,False,True,False
3622,418316,d2,False,True,False,False
3623,807891,h,False,False,True,False
3624,804511,d,True,False,False,False
3625,669550,d,True,False,False,False
3626,872255,v,False,False,False,True
3627,830549,h,False,False,True,False
3628,493187,d2,False,True,False,False
3629,652900,v,False,False,False,True
3630,915607,v,False,False,False,True
3631,23900,d2,False,True,False,False
3632,814501,h,False,False,True,False
3633,794321,h,False,False,True,False
3634,447379,h,False,False,True,False
3635,509038,v,False,False,False,True
3636,163645,v,False,False,False,True
3637,336349,d,True,False,False,False
3638,246356,v,False,False,False,True
3639,227460,h,False,False,True,False
3640,626693,v,False,False,False,True
3641,770630,d,True,False,False,False
3642,177706,d,True,False,False,False
3643,172643,v,False,False,False,True
3644,651060,d2,False,True,False,False
3645,224673,v,False,False,False,True
3646,2487,d,True,False,False,False
3647,237958,d,True,False,False,False
3648,52756,d2,False,True,False,False
3649,600896,d,True,False,False,False
3650,353059,v,False,False,False,True
3651,646186,v,False,False,False,True
3652,103901,d,True,False,False,False
3653,265899,v,False,False,False,True
3654,948037,d2,False,True,False,False
3655,496947,d,True,False,False,False
3656,529925,h,False,False,True,False
3657,445756,d2,False,True,False,False
3658,587159,h,False,False,True,False
3659,924708,h,False,False,True,False
3660,118997,d,True,False,False,False
3661,738956,d2,False,True,False,False
3662,430830,d2,False,True,False,False
3663,533886,h,False,False,True,False
3664,539153,h,False,False,True,False
3665,236679,d,True,False,False,False
3666,294523,h,False,False,True,False
3667,117455,v,False,False,False,True
3668,326619,h,False,False,True,False
3669,837381,v,False,False,False,True
3670,5396,d,True,False,False,False
3671,32641,d,True,False,False,False
3672,884103,h,False,False,True,False
3673,597360,d2,False,True,False,False
3674,352335,h,False,False,True,False
3675,644692,d,True,False,False,False
3676,747657,v,False,False,False,True
3677,253967,h,False,False,True,False
3678,559282,d,True,False,False,False
3679,41965,d2,False,True,False,False
3680,475796,d,True,False,False,False
3681,108607,d,True,False,False,False
3682,728725,d,True,False,False,False
3683,431495,d2,False,True,False,False
3684,164310,v,False,False,False,True
3685,913477,d2,False,True,False,False
3686,184507,d2,False,True,False,False
3687,898886,v,False,False,False,True
3688,435321,d2,False,True,False,False
3689,522158,h,False,False,True,False
3690,596244,d,True,False,False,False
3691,816506,d2,False,True,False,False
3692,830708,h,False,False,True,False
3693,45727,d,True,False,False,False
3694,254815,h,False,False,True,False
3695,547859,d,True,False,False,False
3696,422033,h,False,False,True,False
3697,395332,d2,False,True,False,False
3698,787337,h,False,False,True,False
3699,738263,v,False,False,False,True
3700,699662,d,True,False,False,False
3701,119998,d,True,False,False,False
3702,10417,d2,False,True,False,False
3703,464597,v,False,False,False,True
3704,117827,v,False,False,False,True
3705,59471,d2,False,True,False,False
3706,622949,d2,False,True,False,False
3707,665038,d2,False,True,False,False
3708,141616,v,False,False,False,True
3709,477558,d,True,False,False,False
3710,77923,d2,False,True,False,False
3711,56046,d2,False,True,False,False
3712,169055,d2,False,True,False,False
3713,235632,v,False,False,False,True
3714,90517,v,False,False,False,True
3715,451377,h,False,False,True,False
3716,3040,v,False,False,False,True
3717,553199,d,True,False,False,False
3718,696323,h,False,False,True,False
3719,428053,v,False,False,False,True
3720,248418,v,False,False,False,True
3721,275228,h,False,False,True,False
3722,967461,h,False,False,True,False
3723,436829,h,False,False,True,False
3724,78311,d2,False,True,False,False
3725,799227,d,True,False,False,False
3726,106357,d,True,False,False,False
3727,732690,d,True,False,False,False
3728,130255,d2,False,True,False,False
3729,681614,v,False,False,False,True
3730,757467,d2,False,True,False,False
3731,235502,h,False,False,True,False
3732,684909,d,True,False,False,False
3733,94382,d2,False,True,False,False
3734,829914,d2,False,True,False,False
3735,740577,d2,False,True,False,False
3736,778948,h,False,False,True,False
3737,651127,v,False,False,False,True
3738,349400,h,False,False,True,False
3739,790716,h,False,False,True,False
3740,544654,h,False,False,True,False
3741,219371,d,True,False,False,False
3742,355212,v,False,False,False,True
3743,38791,d2,False,True,False,False
3744,244433,v,False,False,False,True
3745,521245,v,False,False,False,True
3746,183024,v,False,False,False,True
3747,570390,d,True,False,False,False
3748,473375,d,True,False,False,False
3749,837901,v,False,False,False,True
3750,909943,d2,False,True,False,False
3751,638183,d,True,False,False,False
3752,148394,v,False,False,False,True
3753,534766,d2,False,True,False,False
3754,916973,h,False,False,True,False
3755,423811,d2,False,True,False,False
3756,572282,d,True,False,False,False
3757,983224,d2,False,True,False,False
3758,293128,v,False,False,False,True
3759,844316,d2,False,True,False,False
3760,196294,d,True,False,False,False
3761,649166,d2,False,True,False,False
3762,349350,v,False,False,False,True
3763,487377,v,False,False,False,True
3764,906155,d,True,False,False,False
3765,17441,d2,False,True,False,False
3766,668654,h,False,False,True,False
3767,649181,h,False,False,True,False
3768,567103,h,False,False,True,False
3769,416204,d2,False,True,False,False
3770,224084,h,False,False,True,False
3771,581441,d2,False,True,False,False
3772,894662,v,False,False,False,True
3773,676276,d,True,False,False,False
3774,681934,d2,False,True,False,False
3775,791103,d,True,False,False,False
3776,696488,h,False,False,True,False
3777,497278,h,False,False,True,False
3778,33197,d2,False,True,False,False
3779,369992,d2,False,True,False,False
3780,425045,d2,False,True,False,False
3781,595538,d2,False,True,False,False
3782,162352,v,False,False,False,True
3783,581146,v,False,False,False,True
3784,898563,h,False,False,True,False
3785,445810,h,False,False,True,False
3786,346805,h,False,False,True,False
3787,388694,v,False,False,False,True
3788,518986,d,True,False,False,False
3789,981192,h,False,False,True,False
3790,258784,d,True,False,False,False
3791,471927,v,False,False,False,True
3792,114405,v,False,False,False,True
3793,178343,v,False,False,False,True
3794,717779,v,False,False,False,True
3795,529553,h,False,False,True,False
3796,983733,d2,False,True,False,False
3797,613841,v,False,False,False,True
3798,622699,h,False,False,True,False
3799,846473,d,True,False,False,False
3800,785464,d2,False,True,False,False
3801,465156,d2,False,True,False,False
3802,5966,h,False,False,True,False
3803,452712,d2,False,True,False,False
3804,974558,v,False,False,False,True
3805,567703,v,False,False,False,True
3806,46372,d,True,False,False,False
3807,797337,h,False,False,True,False
3808,512332,h,False,False,True,False
3809,581457,d2,False,True,False,False
3810,674685,d,True,False,False,False
3811,87764,h,False,False,True,False
3812,750959,v,False,False,False,True
3813,991441,v,False,False,False,True
3814,84680,d2,False,True,False,False
3815,30739,d,True,False,False,False
3816,961994,h,False,False,True,False
3817,802505,d2,False,True,False,False
3818,92860,h,False,False,True,False
3819,679138,d2,False,True,False,False
3820,209183,d,True,False,False,False
3821,531324,h,False,False,True,False
3822,576631,v,False,False,False,True
3823,545938,d,True,False,False,False
3824,352932,d,True,False,False,False
3825,599783,h,False,False,True,False
3826,230577,h,False,False,True,False
3827,3873,d2,False,True,False,False
3828,238318,d2,False,True,False,False
3829,997120,h,False,False,True,False
3830,513293,d2,False,True,False,False
3831,164125,h,False,False,True,False
3832,402316,d,True,False,False,False
3833,180302,h,False,False,True,False
3834,46172,d,True,False,False,False
3835,487951,h,False,False,True,False
3836,436327,h,False,False,True,False
3837,394806,v,False,False,False,True
3838,24246,h,False,False,True,False
3839,441886,h,False,False,True,False
3840,827915,h,False,False,True,False
3841,301500,v,False,False,False,True
3842,297071,d2,False,True,False,False
3843,7691,v,False,False,False,True
3844,296325,d2,False,True,False,False
3845,180072,d2,False,True,False,False
3846,9648,h,False,False,True,False
3847,567654,d2,False,True,False,False
3848,762650,d,True,False,False,False
3849,697706,v,False,False,False,True
3850,31780,d,True,False,False,False
3851,660467,v,False,False,False,True
3852,124840,d2,False,True,False,False
3853,806005,h,False,False,True,False
3854,84821,v,False,False,False,True
3855,506794,d2,False,True,False,False
3856,693998,v,False,False,False,True
3857,289169,v,False,False,False,True
3858,364347,d2,False,True,False,False
3859,272333,h,False,False,True,False
3860,701611,d2,False,True,False,False
3861,379662,d2,False,True,False,False
3862,426982,d,True,False,False,False
3863,223169,d,True,False,False,False
3864,972177,d,True,False,False,False
3865,922299,d2,False,True,False,False
3866,987909,d,True,False,False,False
3867,883172,d2,False,True,False,False
3868,479063,d2,False,True,False,False
3869,294855,v,False,False,False,True
3870,859958,d,True,False,False,False
3871,971745,h,False,False,True,False
3872,192049,d,True,False,False,False
3873,849495,v,False,False,False,True
3874,291270,d2,False,True,False,False
3875,509687,v,False,False,False,True
3876,174531,h,False,False,True,False
3877,644475,d2,False,True,False,False
3878,968153,h,False,False,True,False
3879,526969,d2,False,True,False,False
3880,890663,d,True,False,False,False
3881,603684,h,False,False,True,False
3882,823680,h,False,False,True,False
3883,641358,v,False,False,False,True
3884,57458,h,False,False,True,False
3885,53698,v,False,False,False,True
3886,730560,v,False,False,False,True
3887,98565,d,True,False,False,False
3888,916578,h,False,False,True,False
3889,428211,v,False,False,False,True
3890,364742,d,True,False,False,False
3891,297505,d,True,False,False,False
3892,829492,v,False,False,False,True
3893,599272,d2,False,True,False,False
3894,93808,v,False,False,False,True
3895,708282,d2,False,True,False,False
3896,960642,h,False,False,True,False
3897,939579,h,False,False,True,False
3898,482615,v,False,False,False,True
3899,220707,d,True,False,False,False
3900,82353,d2,False,True,False,False
3901,824618,h,False,False,True,False
3902,522320,d,True,False,False,False
3903,845310,d,True,False,False,False
3904,454204,d,True,False,False,False
3905,502138,d,True,False,False,False
3906,194516,h,False,False,True,False
3907,506247,d2,False,True,False,False
3908,947636,h,False,False,True,False
3909,487000,d2,False,True,False,False
3910,744314,v,False,False,False,True
3911,96322,h,False,False,True,False
3912,204526,h,False,False,True,False
3913,300164,h,False,False,True,False
3914,877665,d,True,False,False,False
3915,113833,h,False,False,True,False
3916,93064,h,False,False,True,False
3917,679493,v,False,False,False,True
3918,271540,v,False,False,False,True
3919,235970,d2,False,True,False,False
3920,586428,d,True,False,False,False
3921,88138,d,True,False,False,False
3922,86868,d2,False,True,False,False
3923,716893,d,True,False,False,False
3924,112049,d,True,False,False,False
3925,600983,v,False,False,False,True
3926,147089,v,False,False,False,True
3927,641477,d,True,False,False,False
3928,324158,h,False,False,True,False
3929,728543,h,False,False,True,False
3930,885111,v,False,False,False,True
3931,866120,h,False,False,True,False
3932,871448,v,False,False,False,True
3933,207508,v,False,False,False,True
3934,915423,d,True,False,False,False
3935,236641,h,False,False,True,False
3936,805956,d2,False,True,False,False
3937,697775,v,False,False,False,True
3938,939922,h,False,False,True,False
3939,233688,h,False,False,True,False
3940,409901,d,True,False,False,False
3941,438533,d2,False,True,False,False
3942,354905,d,True,False,False,False
3943,457189,v,False,False,False,True
3944,176900,v,False,False,False,True
3945,745354,v,False,False,False,True
3946,60699,d2,False,True,False,False
3947,803953,h,False,False,True,False
3948,11640,h,False,False,True,False
3949,800186,d,True,False,False,False
3950,579365,v,False,False,False,True
3951,619220,v,False,False,False,True
3952,388674,h,False,False,True,False
3953,352524,v,False,False,False,True
3954,528225,v,False,False,False,True
3955,447268,d,True,False,False,False
3956,592610,d2,False,True,False,False
3957,927937,h,False,False,True,False
3958,363698,d,True,False,False,False
3959,339270,d,True,False,False,False
3960,157636,v,False,False,False,True
3961,604455,d,True,False,False,False
3962,138151,v,False,False,False,True
3963,958208,v,False,False,False,True
3964,618958,h,False,False,True,False
3965,604560,h,False,False,True,False
3966,768323,v,False,False,False,True
3967,946824,d2,False,True,False,False
3968,232686,v,False,False,False,True
3969,432306,d,True,False,False,False
3970,105839,d2,False,True,False,False
3971,149831,h,False,False,True,False
3972,798046,v,False,False,False,True
3973,515060,d2,False,True,False,False
3974,86146,v,False,False,False,True
3975,303417,d,True,False,False,False
3976,906415,h,False,False,True,False
3977,865885,v,False,False,False,True
3978,371047,h,False,False,True,False
3979,902887,d2,False,True,False,False
3980,164762,v,False,False,False,True
3981,359083,d2,False,True,False,False
3982,285057,d,True,False,False,False
3983,570902,v,False,False,False,True
3984,67820,v,False,False,False,True
3985,979398,d2,False,True,False,False
3986,705734,d,True,False,False,False
3987,134086,d2,False,True,False,False
3988,969821,v,False,False,False,True
3989,615270,d2,False,True,False,False
3990,136592,h,False,False,True,False
3991,204825,v,False,False,False,True
3992,229368,d,True,False,False,False
3993,74299,d2,False,True,False,False
3994,923320,h,False,False,True,False
3995,929126,v,False,False,False,True
3996,80508,v,False,False,False,True
3997,668266,h,False,False,True,False
3998,494166,v,False,False,False,True
3999,673292,d2,False,True,False,False
4000,740971,d2,False,True,False,False
4001,182588,h,False,False,True,False
4002,83621,h,False,False,True,False
4003,269836,d2,False,True,False,False
4004,881137,h,False,False,True,False
4005,64617,h,False,False,True,False
4006,235010,d2,False,True,False,False
4007,122669,h,False,False,True,False
4008,649453,d2,False,True,False,False
4009,757555,v,False,False,False,True
4010,629735,v,False,False,False,True
4011,863823,h,False,False,True,False
4012,519548,d,True,False,False,False
4013,439845,d,True,False,False,False
4014,545422,v,False,False,False,True
4015,206814,d2,False,True,False,False
4016,981062,d2,False,True,False,False
4017,504678,h,False,False,True,False
4018,907339,v,False,False,False,True
4019,621094,d,True,False,False,False
4020,393845,d2,False,True,False,False
4021,725427,h,False,False,True,False
4022,249356,d2,False,True,False,False
4023,89559,d2,False,True,False,False
4024,451349,v,False,False,False,True
4025,239470,h,False,False,True,False
4026,171436,d,True,False,False,False
4027,798011,d,True,False,False,False
4028,11721,v,False,False,False,True
4029,450347,d2,False,True,False,False
4030,394163,d,True,False,False,False
4031,18965,d,True,False,False,False
4032,448043,h,False,False,True,False
4033,754788,h,False,False,True,False
4034,816405,d,True,False,False,False
4035,563981,d2,False,True,False,False
4036,699196,h,False,False,True,False
4037,549633,v,False,False,False,True
4038,305597,v,False,False,False,True
4039,341451,d,True,False,False,False
4040,637699,d,True,False,False,False
4041,946165,h,False,False,True,False
4042,109044,h,False,False,True,False
4043,645163,d,True,False,False,False
4044,654945,d2,False,True,False,False
4045,287292,h,False,False,True,False
4046,815030,d2,False,True,False,False
4047,821826,h,False,False,True,False
4048,391548,d,True,False,False,False
4049,871363,d,True,False,False,False
4050,728263,v,False,False,False,True
4051,175407,d2,False,True,False,False
4052,558701,d2,False,True,False,False
4053,125613,v,False,False,False,True
4054,487375,v,False,False,False,True
4055,6202,v,False,False,False,True
4056,538157,v,False,False,False,True
4057,811700,v,False,False,False,True
4058,96025,h,False,False,True,False
4059,878018,d2,False,True,False,False
4060,56336,d2,False,True,False,False
4061,226274,v,False,False,False,True
4062,180899,h,False,False,True,False
4063,152257,d2,False,True,False,False
4064,40679,v,False,False,False,True
4065,774639,v,False,False,False,True
4066,499507,d,True,False,False,False
4067,880983,d2,False,True,False,False
4068,442159,v,False,False,False,True
4069,715168,v,False,False,False,True
4070,353398,d,True,False,False,False
4071,614051,h,False,False,True,False
4072,345911,d2,False,True,False,False
4073,150330,d2,False,True,False,False
4074,500402,d,True,False,False,False
4075,216135,h,False,False,True,False
4076,150705,d,True,False,False,False
4077,586694,h,False,False,True,False
4078,115053,h,False,False,True,False
4079,279192,v,False,False,False,True
4080,650002,h,False,False,True,False
4081,118922,d2,False,True,False,False
4082,782123,h,False,False,True,False
4083,385886,v,False,False,False,True
4084,966415,h,False,False,True,False
4085,363337,v,False,False,False,True
4086,34180,d2,False,True,False,False
4087,393413,d,True,False,False,False
4088,644183,h,False,False,True,False
4089,812417,d,True,False,False,False
4090,865023,d,True,False,False,False
4091,819852,h,False,False,True,False
4092,180125,d2,False,True,False,False
4093,762869,d,True,False,False,False
4094,615749,d2,False,True,False,False
4095,120515,d2,False,True,False,False
4096,448096,d,True,False,False,False
4097,802263,d,True,False,False,False
4098,307965,d2,False,True,False,False
4099,822440,h,False,False,True,False
4100,160956,d2,False,True,False,False
4101,104315,h,False,False,True,False
4102,443034,d2,False,True,False,False
4103,138639,v,False,False,False,True
4104,529515,v,False,False,False,True
4105,127765,v,False,False,False,True
4106,758160,v,False,False,False,True
4107,743003,h,False,False,True,False
4108,815044,d,True,False,False,False
4109,492872,d2,False,True,False,False
4110,434421,d,True,False,False,False
4111,774062,v,False,False,False,True
4112,462703,d2,False,True,False,False
4113,952222,h,False,False,True,False
4114,634886,d,True,False,False,False
4115,375097,d2,False,True,False,False
4116,207520,h,False,False,True,False
4117,824200,d2,False,True,False,False
4118,12132,h,False,False,True,False
4119,569341,d2,False,True,False,False
4120,870326,v,False,False,False,True
4121,32556,v,False,False,False,True
4122,167490,d2,False,True,False,False
4123,455755,d2,False,True,False,False
4124,568778,d,True,False,False,False
4125,486877,d2,False,True,False,False
4126,642538,d,True,False,False,False
4127,70500,v,False,False,False,True
4128,858602,h,False,False,True,False
4129,757642,h,False,False,True,False
4130,188175,h,False,False,True,False
4131,782239,v,False,False,False,True
4132,151563,v,False,False,False,True
4133,194331,d,True,False,False,False
4134,140413,h,False,False,True,False
4135,808128,v,False,False,False,True
4136,630614,d,True,False,False,False
4137,722981,h,False,False,True,False
4138,651401,v,False,False,False,True
4139,658638,d,True,False,False,False
4140,378995,h,False,False,True,False
4141,398563,d2,False,True,False,False
4142,167321,h,False,False,True,False
4143,495021,d2,False,True,False,False
4144,210822,d2,False,True,False,False
4145,896207,d2,False,True,False,False
4146,493231,h,False,False,True,False
4147,996672,d2,False,True,False,False
4148,703847,d,True,False,False,False
4149,65674,v,False,False,False,True
4150,446661,d2,False,True,False,False
4151,356440,v,False,False,False,True
4152,126484,d2,False,True,False,False
4153,587083,d,True,False,False,False
4154,801654,v,False,False,False,True
4155,557547,d,True,False,False,False
4156,97211,h,False,False,True,False
4157,531832,d,True,False,False,False
4158,869680,h,False,False,True,False
4159,647708,v,False,False,False,True
4160,624784,d2,False,True,False,False
4161,874689,h,False,False,True,False
4162,13661,d,True,False,False,False
4163,977166,h,False,False,True,False
4164,131047,v,False,False,False,True
4165,434610,v,False,False,False,True
4166,374352,d2,False,True,False,False
4167,584065,v,False,False,False,True
4168,538027,v,False,False,False,True
4169,42069,v,False,False,False,True
4170,686841,v,False,False,False,True
4171,343130,v,False,False,False,True
4172,610116,h,False,False,True,False
4173,598629,d2,False,True,False,False
4174,843919,h,False,False,True,False
4175,166491,d2,False,True,False,False
4176,993389,d2,False,True,False,False
4177,28003,d2,False,True,False,False
4178,214173,v,False,False,False,True
4179,97820,v,False,False,False,True
4180,204376,v,False,False,False,True
4181,148605,d2,False,True,False,False
4182,919156,h,False,False,True,False
4183,880380,v,False,False,False,True
4184,108072,d2,False,True,False,False
4185,577090,d2,False,True,False,False
4186,215023,d2,False,True,False,False
4187,217587,v,False,False,False,True
4188,540211,v,False,False,False,True
4189,623213,d2,False,True,False,False
4190,9289,h,False,False,True,False
4191,490249,d,True,False,False,False
4192,903163,d,True,False,False,False
4193,687981,d,True,False,False,False
4194,107182,d,True,False,False,False
4195,736553,d2,False,True,False,False
4196,319038,h,False,False,True,False
4197,460322,h,False,False,True,False
4198,813576,d,True,False,False,False
4199,65019,d,True,False,False,False
4200,616157,d2,False,True,False,False
4201,865067,d2,False,True,False,False
4202,657683,d,True,False,False,False
4203,260003,d2,False,True,False,False
4204,535620,v,False,False,False,True
4205,136413,d2,False,True,False,False
4206,481581,h,False,False,True,False
4207,694893,h,False,False,True,False
4208,727766,d2,False,True,False,False
4209,157541,h,False,False,True,False
4210,883372,v,False,False,False,True
4211,704088,h,False,False,True,False
4212,870135,h,False,False,True,False
4213,479032,v,False,False,False,True
4214,435293,v,False,False,False,True
4215,253833,v,False,False,False,True
4216,766322,v,False,False,False,True
4217,320712,d,True,False,False,False
4218,765646,h,False,False,True,False
4219,342771,d2,False,True,False,False
4220,721463,h,False,False,True,False
4221,503145,v,False,False,False,True
4222,211849,d,True,False,False,False
4223,293052,d2,False,True,False,False
4224,231129,v,False,False,False,True
4225,212093,d,True,False,False,False
4226,281271,h,False,False,True,False
4227,436920,v,False,False,False,True
4228,521017,d,True,False,False,False
4229,658397,v,False,False,False,True
4230,689463,d2,False,True,False,False
4231,81757,v,False,False,False,True
4232,808884,h,False,False,True,False
4233,167400,d2,False,True,False,False
4234,491519,v,False,False,False,True
4235,5444,v,False,False,False,True
4236,502338,d2,False,True,False,False
4237,302030,v,False,False,False,True
4238,153872,h,False,False,True,False
4239,889318,d,True,False,False,False
4240,223773,v,False,False,False,True
4241,48006,d2,False,True,False,False
4242,762662,v,False,False,False,True
4243,954840,d2,False,True,False,False
4244,454201,d,True,False,False,False
4245,977921,h,False,False,True,False
4246,480251,d,True,False,False,False
4247,737798,v,False,False,False,True
4248,417106,d2,False,True,False,False
4249,718178,d,True,False,False,False
4250,985430,v,False,False,False,True
4251,327212,d,True,False,False,False
4252,818614,d,True,False,False,False
4253,942340,h,False,False,True,False
4254,336541,d2,False,True,False,False
4255,672146,d2,False,True,False,False
4256,722670,v,False,False,False,True
4257,697072,v,False,False,False,True
4258,474319,h,False,False,True,False
4259,760232,v,False,False,False,True
4260,512346,h,False,False,True,False
4261,589541,d2,False,True,False,False
4262,739352,h,False,False,True,False
4263,993642,d,True,False,False,False
4264,249820,d,True,False,False,False
4265,536614,v,False,False,False,True
4266,264504,d,True,False,False,False
4267,569090,d2,False,True,False,False
4268,17839,v,False,False,False,True
4269,725499,d,True,False,False,False
4270,911708,v,False,False,False,True
4271,914825,v,False,False,False,True
4272,350477,v,False,False,False,True
4273,925990,h,False,False,True,False
4274,736239,h,False,False,True,False
4275,842180,v,False,False,False,True
4276,317835,d,True,False,False,False
4277,75059,v,False,False,False,True
4278,596411,v,False,False,False,True
4279,129870,h,False,False,True,False
4280,642875,d,True,False,False,False
4281,743690,d2,False,True,False,False
4282,334132,v,False,False,False,True
4283,742128,v,False,False,False,True
4284,315697,h,False,False,True,False
4285,89468,d,True,False,False,False
4286,762375,d,True,False,False,False
4287,407737,d,True,False,False,False
4288,867185,d2,False,True,False,False
4289,738752,d,True,False,False,False
4290,213010,v,False,False,False,True
4291,641487,h,False,False,True,False
4292,893772,d2,False,True,False,False
4293,339388,h,False,False,True,False
4294,385585,d2,False,True,False,False
4295,842997,d2,False,True,False,False
4296,493796,d,True,False,False,False
4297,477508,h,False,False,True,False
4298,911379,h,False,False,True,False
4299,657348,h,False,False,True,False
4300,83772,d,True,False,False,False
4301,198329,d,True,False,False,False
4302,251532,h,False,False,True,False
4303,94529,v,False,False,False,True
4304,145890,d,True,False,False,False
4305,503494,d,True,False,False,False
4306,597709,d2,False,True,False,False
4307,876676,v,False,False,False,True
4308,902050,h,False,False,True,False
4309,499794,d,True,False,False,False
4310,201558,d2,False,True,False,False
4311,556991,v,False,False,False,True
4312,208914,d2,False,True,False,False
4313,121977,v,False,False,False,True
4314,930248,v,False,False,False,True
4315,171374,d,True,False,False,False
4316,8903,v,False,False,False,True
4317,866453,v,False,False,False,True
4318,625134,h,False,False,True,False
4319,734459,v,False,False,False,True
4320,23830,d,True,False,False,False
4321,864476,d2,False,True,False,False
4322,314114,h,False,False,True,False
4323,583343,d2,False,True,False,False
4324,339121,d,True,False,False,False
4325,631462,v,False,False,False,True
4326,420366,h,False,False,True,False
4327,605762,d2,False,True,False,False
4328,434867,d,True,False,False,False
4329,129165,d2,False,True,False,False
4330,752460,h,False,False,True,False
4331,499617,d,True,False,False,False
4332,176005,d,True,False,False,False
4333,932647,d,True,False,False,False
4334,185426,d2,False,True,False,False
4335,104562,h,False,False,True,False
4336,154946,d,True,False,False,False
4337,126142,d2,False,True,False,False
4338,771132,d2,False,True,False,False
4339,199724,h,False,False,True,False
4340,885429,v,False,False,False,True
4341,308160,v,False,False,False,True
4342,593669,h,False,False,True,False
4343,516145,d2,False,True,False,False
4344,874504,h,False,False,True,False
4345,591302,h,False,False,True,False
4346,241223,v,False,False,False,True
4347,706165,v,False,False,False,True
4348,263037,v,False,False,False,True
4349,417253,h,False,False,True,False
4350,370253,d,True,False,False,False
4351,165661,h,False,False,True,False
4352,954427,v,False,False,False,True
4353,374885,d2,False,True,False,False
4354,509104,d2,False,True,False,False
4355,909093,h,False,False,True,False
4356,292693,v,False,False,False,True
4357,456820,d2,False,True,False,False
4358,441280,d2,False,True,False,False
4359,194391,d,True,False,False,False
4360,468084,v,False,False,False,True
4361,165490,d2,False,True,False,False
4362,362762,d,True,False,False,False
4363,165193,d,True,False,False,False
4364,606313,d,True,False,False,False
4365,48818,d2,False,True,False,False
4366,86572,d2,False,True,False,False
4367,617753,v,False,False,False,True
4368,123508,h,False,False,True,False
4369,529427,v,False,False,False,True
4370,54662,d2,False,True,False,False
4371,646598,d2,False,True,False,False
4372,297305,d,True,False,False,False
4373,212709,d2,False,True,False,False
4374,453276,d2,False,True,False,False
4375,41289,d,True,False,False,False
4376,657300,v,False,False,False,True
4377,226584,d2,False,True,False,False
4378,509591,v,False,False,False,True
4379,102300,v,False,False,False,True
4380,535031,d2,False,True,False,False
4381,669522,d2,False,True,False,False
4382,344635,d2,False,True,False,False
4383,114680,h,False,False,True,False
4384,340864,v,False,False,False,True
4385,711240,h,False,False,True,False
4386,509839,d2,False,True,False,False
4387,924897,d,True,False,False,False
4388,135817,d,True,False,False,False
4389,947978,d,True,False,False,False
4390,653612,d2,False,True,False,False
4391,252812,h,False,False,True,False
4392,855494,d2,False,True,False,False
4393,559384,h,False,False,True,False
4394,80559,h,False,False,True,False
4395,835315,h,False,False,True,False
4396,807588,d,True,False,False,False
4397,299140,v,False,False,False,True
4398,404659,d,True,False,False,False
4399,986626,d,True,False,False,False
4400,794856,d,True,False,False,False
4401,216221,v,False,False,False,True
4402,425640,d2,False,True,False,False
4403,818565,h,False,False,True,False
4404,667038,d2,False,True,False,False
4405,707379,d,True,False,False,False
4406,276532,d,True,False,False,False
4407,906011,d2,False,True,False,False
4408,654825,d2,False,True,False,False
4409,22316,h,False,False,True,False
4410,344194,d,True,False,False,False
4411,260470,h,False,False,True,False
4412,380415,v,False,False,False,True
4413,676160,d,True,False,False,False
4414,333964,v,False,False,False,True
4415,182907,d,True,False,False,False
4416,664539,h,False,False,True,False
4417,300913,v,False,False,False,True
4418,829017,v,False,False,False,True
4419,427998,v,False,False,False,True
4420,279149,v,False,False,False,True
4421,585880,h,False,False,True,False
4422,331743,d,True,False,False,False
4423,39369,v,False,False,False,True
4424,933277,v,False,False,False,True
4425,664959,d,True,False,False,False
4426,647046,v,False,False,False,True
4427,365634,d2,False,True,False,False
4428,767332,v,False,False,False,True
4429,765884,h,False,False,True,False
4430,123982,h,False,False,True,False
4431,829670,d2,False,True,False,False
4432,777681,d2,False,True,False,False
4433,158955,d,True,False,False,False
4434,16063,h,False,False,True,False
4435,470573,h,False,False,True,False
4436,631757,h,False,False,True,False
4437,759018,v,False,False,False,True
4438,44846,h,False,False,True,False
4439,172922,v,False,False,False,True
4440,794892,v,False,False,False,True
4441,153820,h,False,False,True,False
4442,603037,h,False,False,True,False
4443,841997,d2,False,True,False,False
4444,515638,v,False,False,False,True
4445,764618,d2,False,True,False,False
4446,470448,h,False,False,True,False
4447,257663,d,True,False,False,False
4448,304744,d2,False,True,False,False
4449,186415,d,True,False,False,False
4450,218871,d,True,False,False,False
4451,19697,d2,False,True,False,False
4452,702242,d2,False,True,False,False
4453,437957,v,False,False,False,True
4454,100861,d,True,False,False,False
4455,728913,v,False,False,False,True
4456,15116,v,False,False,False,True
4457,367864,v,False,False,False,True
4458,440420,v,False,False,False,True
4459,788324,v,False,False,False,True
4460,964568,d2,False,True,False,False
4461,46910,d,True,False,False,False
4462,792368,d,True,False,False,False
4463,282012,d,True,False,False,False
4464,541748,h,False,False,True,False
4465,456570,v,False,False,False,True
4466,478541,h,False,False,True,False
4467,316419,d2,False,True,False,False
4468,16791,v,False,False,False,True
4469,206680,d,True,False,False,False
4470,593032,d2,False,True,False,False
4471,562927,v,False,False,False,True
4472,29218,v,False,False,False,True
4473,688154,h,False,False,True,False
4474,462260,d2,False,True,False,False
4475,428817,v,False,False,False,True
4476,459791,d2,False,True,False,False
4477,942636,d,True,False,False,False
4478,13648,d,True,False,False,False
4479,940506,d,True,False,False,False
4480,694191,h,False,False,True,False
4481,417768,d,True,False,False,False
4482,744077,d2,False,True,False,False
4483,645322,h,False,False,True,False
4484,476356,v,False,False,False,True
4485,344859,d2,False,True,False,False
4486,442501,v,False,False,False,True
4487,339194,d2,False,True,False,False
4488,98106,d,True,False,False,False
4489,755968,v,False,False,False,True
4490,924102,h,False,False,True,False
4491,549880,v,False,False,False,True
4492,518591,d,True,False,False,False
4493,233370,d,True,False,False,False
4494,339411,v,False,False,False,True
4495,995442,h,False,False,True,False
4496,543514,v,False,False,False,True
4497,429797,d2,False,True,False,False
4498,121999,v,False,False,False,True
4499,95448,h,False,False,True,False
4500,506975,d,True,False,False,False
4501,661288,d,True,False,False,False
4502,552375,h,False,False,True,False
4503,676262,h,False,False,True,False
4504,907933,h,False,False,True,False
4505,958213,v,False,False,False,True
4506,298509,v,False,False,False,True
4507,589692,d2,False,True,False,False
4508,592000,h,False,False,True,False
4509,295936,h,False,False,True,False
4510,669156,h,False,False,True,False
4511,255420,h,False,False,True,False
4512,663025,d,True,False,False,False
4513,112841,d,True,False,False,False
4514,496222,h,False,False,True,False
4515,147826,d2,False,True,False,False
4516,382269,h,False,False,True,False
4517,199882,d,True,False,False,False
4518,733711,v,False,False,False,True
4519,515631,h,False,False,True,False
4520,777312,v,False,False,False,True
4521,148196,d2,False,True,False,False
4522,153078,d,True,False,False,False
4523,142233,d,True,False,False,False
4524,789366,h,False,False,True,False
4525,944456,d,True,False,False,False
4526,995118,d,True,False,False,False
4527,738264,d2,False,True,False,False
4528,473984,d2,False,True,False,False
4529,373046,h,False,False,True,False
4530,332287,d2,False,True,False,False
4531,891686,h,False,False,True,False
4532,813739,d2,False,True,False,False
4533,279742,h,False,False,True,False
4534,88308,v,False,False,False,True
4535,180839,d2,False,True,False,False
4536,992677,v,False,False,False,True
4537,617369,h,False,False,True,False
4538,983921,v,False,False,False,True
4539,79627,d,True,False,False,False
4540,38400,d,True,False,False,False
4541,951828,v,False,False,False,True
4542,413842,v,False,False,False,True
4543,568286,d,True,False,False,False
4544,670392,v,False,False,False,True
4545,838777,d,True,False,False,False
4546,598836,d2,False,True,False,False
4547,15635,d2,False,True,False,False
4548,627150,v,False,False,False,True
4549,515518,v,False,False,False,True
4550,941733,v,False,False,False,True
4551,727790,h,False,False,True,False
4552,730706,v,False,False,False,True
4553,103601,h,False,False,True,False
4554,122233,d2,False,True,False,False
4555,116378,h,False,False,True,False
4556,522129,v,False,False,False,True
4557,969563,v,False,False,False,True
4558,781112,v,False,False,False,True
4559,415676,v,False,False,False,True
4560,924478,d,True,False,False,False
4561,115303,d2,False,True,False,False
4562,506244,v,False,False,False,True
4563,114450,d2,False,True,False,False
4564,479220,d,True,False,False,False
4565,579580,d2,False,True,False,False
4566,723071,d2,False,True,False,False
4567,555672,d2,False,True,False,False
4568,694697,d2,False,True,False,False
4569,533807,d,True,False,False,False
4570,779621,v,False,False,False,True
4571,702961,h,False,False,True,False
4572,842279,v,False,False,False,True
4573,699562,v,False,False,False,True
4574,532760,d,True,False,False,False
4575,294506,h,False,False,True,False
4576,996703,d2,False,True,False,False
4577,204545,h,False,False,True,False
4578,401013,v,False,False,False,True
4579,94295,d2,False,True,False,False
4580,982897,d2,False,True,False,False
4581,898295,d,True,False,False,False
4582,947223,d2,False,True,False,False
4583,64821,h,False,False,True,False
4584,113388,v,False,False,False,True
4585,60929,v,False,False,False,True
4586,693796,d,True,False,False,False
4587,185710,d,True,False,False,False
4588,57408,d,True,False,False,False
4589,868924,d2,False,True,False,False
4590,305701,v,False,False,False,True
4591,18140,h,False,False,True,False
4592,400540,d,True,False,False,False
4593,462614,h,False,False,True,False
4594,755916,d,True,False,False,False
4595,442773,v,False,False,False,True
4596,157569,d,True,False,False,False
4597,584775,v,False,False,False,True
4598,166942,v,False,False,False,True
4599,170851,d,True,False,False,False
4600,419387,v,False,False,False,True
4601,483772,d,True,False,False,False
4602,801895,d2,False,True,False,False
4603,63932,d,True,False,False,False
4604,421234,h,False,False,True,False
4605,722415,d,True,False,False,False
4606,728612,d,True,False,False,False
4607,331063,v,False,False,False,True
4608,405604,v,False,False,False,True
4609,648951,d2,False,True,False,False
4610,585216,d,True,False,False,False
4611,173410,d,True,False,False,False
4612,572440,d,True,False,False,False
4613,83993,h,False,False,True,False
4614,928733,h,False,False,True,False
4615,16473,v,False,False,False,True
4616,600408,d2,False,True,False,False
4617,390669,h,False,False,True,False
4618,772116,h,False,False,True,False
4619,711170,d2,False,True,False,False
4620,560251,d2,False,True,False,False
4621,325044,v,False,False,False,True
4622,490596,v,False,False,False,True
4623,950113,v,False,False,False,True
4624,103578,v,False,False,False,True
4625,238716,d2,False,True,False,False
4626,138247,d,True,False,False,False
4627,532193,h,False,False,True,False
4628,90417,v,False,False,False,True
4629,427987,d2,False,True,False,False
4630,996933,v,False,False,False,True
4631,997604,h,False,False,True,False
4632,628662,d,True,False,False,False
4633,459356,h,False,False,True,False
4634,317752,d,True,False,False,False
4635,299610,d,True,False,False,False
4636,733520,v,False,False,False,True
4637,906615,h,False,False,True,False
4638,982755,v,False,False,False,True
4639,913195,d2,False,True,False,False
4640,399414,d,True,False,False,False
4641,494561,h,False,False,True,False
4642,439709,v,False,False,False,True
4643,535256,v,False,False,False,True
4644,735411,h,False,False,True,False
4645,455833,v,False,False,False,True
4646,449035,d,True,False,False,False
4647,610143,d,True,False,False,False
4648,71119,h,False,False,True,False
4649,784855,v,False,False,False,True
4650,345309,v,False,False,False,True
4651,850214,d,True,False,False,False
4652,238207,h,False,False,True,False
4653,463038,d,True,False,False,False
4654,609726,v,False,False,False,True
4655,61240,d,True,False,False,False
4656,972318,d2,False,True,False,False
4657,180585,v,False,False,False,True
4658,850950,v,False,False,False,True
4659,277601,d,True,False,False,False
4660,509131,d2,False,True,False,False
4661,3836,d,True,False,False,False
4662,771549,v,False,False,False,True
4663,938436,v,False,False,False,True
4664,601758,d2,False,True,False,False
4665,395767,h,False,False,True,False
4666,911127,d2,False,True,False,False
4667,189744,v,False,False,False,True
4668,466418,h,False,False,True,False
4669,970281,d2,False,True,False,False
4670,740799,d,True,False,False,False
4671,533380,d,True,False,False,False
4672,174199,d,True,False,False,False
4673,320412,d,True,False,False,False
4674,403973,d2,False,True,False,False
4675,613371,v,False,False,False,True
4676,856527,d2,False,True,False,False
4677,621311,d2,False,True,False,False
4678,640442,d2,False,True,False,False
4679,922674,h,False,False,True,False
4680,238142,d,True,False,False,False
4681,326239,v,False,False,False,True
4682,855936,d2,False,True,False,False
4683,872311,v,False,False,False,True
4684,104550,d,True,False,False,False
4685,278456,v,False,False,False,True
4686,990692,d,True,False,False,False
4687,721264,d2,False,True,False,False
4688,578255,d,True,False,False,False
4689,40577,h,False,False,True,False
4690,599764,d,True,False,False,False
4691,895581,h,False,False,True,False
4692,728900,d,True,False,False,False
4693,216235,h,False,False,True,False
4694,812025,d2,False,True,False,False
4695,837564,v,False,False,False,True
4696,568078,v,False,False,False,True
4697,870773,d,True,False,False,False
4698,659390,v,False,False,False,True
4699,336677,h,False,False,True,False
4700,44469,d2,False,True,False,False
4701,937500,h,False,False,True,False
4702,165851,d2,False,True,False,False
4703,648032,d,True,False,False,False
4704,723899,h,False,False,True,False
4705,212705,d2,False,True,False,False
4706,221692,v,False,False,False,True
4707,708007,d,True,False,False,False
4708,66754,d,True,False,False,False
4709,582309,d2,False,True,False,False
4710,447971,d2,False,True,False,False
4711,776666,d2,False,True,False,False
4712,87772,d,True,False,False,False
4713,263556,d2,False,True,False,False
4714,873582,v,False,False,False,True
4715,361850,d,True,False,False,False
4716,839843,v,False,False,False,True
4717,414444,d,True,False,False,False
4718,82034,d2,False,True,False,False
4719,846255,d2,False,True,False,False
4720,380588,d2,False,True,False,False
4721,71704,d,True,False,False,False
4722,941763,d,True,False,False,False
4723,657653,v,False,False,False,True
4724,791488,d,True,False,False,False
4725,506909,d,True,False,False,False
4726,853587,d,True,False,False,False
4727,727179,d2,False,True,False,False
4728,299815,v,False,False,False,True
4729,236621,v,False,False,False,True
4730,763918,d2,False,True,False,False
4731,645419,d2,False,True,False,False
4732,816414,h,False,False,True,False
4733,685032,d,True,False,False,False
4734,30088,d,True,False,False,False
4735,300845,h,False,False,True,False
4736,250355,h,False,False,True,False
4737,823597,d,True,False,False,False
4738,493558,v,False,False,False,True
4739,353499,h,False,False,True,False
4740,370710,d,True,False,False,False
4741,506525,d,True,False,False,False
4742,698734,d2,False,True,False,False
4743,1756,d,True,False,False,False
4744,359088,d,True,False,False,False
4745,713127,h,False,False,True,False
4746,357752,v,False,False,False,True
4747,390988,h,False,False,True,False
4748,139376,h,False,False,True,False
4749,247566,v,False,False,False,True
4750,20639,d2,False,True,False,False
4751,609019,v,False,False,False,True
4752,24891,d2,False,True,False,False
4753,893537,d2,False,True,False,False
4754,492493,d,True,False,False,False
4755,866718,d,True,False,False,False
4756,83598,h,False,False,True,False
4757,153282,h,False,False,True,False
4758,18325,h,False,False,True,False
4759,401437,v,False,False,False,True
4760,454405,d2,False,True,False,False
4761,656560,v,False,False,False,True
4762,212412,h,False,False,True,False
4763,337199,d2,False,True,False,False
4764,942609,h,False,False,True,False
4765,864961,d2,False,True,False,False
4766,434083,d2,False,True,False,False
4767,797042,d,True,False,False,False
4768,461686,h,False,False,True,False
4769,539513,d,True,False,False,False
4770,889855,v,False,False,False,True
4771,660827,d2,False,True,False,False
4772,957790,d,True,False,False,False
4773,353585,d2,False,True,False,False
4774,39841,d2,False,True,False,False
4775,582020,v,False,False,False,True
4776,329185,h,False,False,True,False
4777,309632,d2,False,True,False,False
4778,516013,v,False,False,False,True
4779,815121,d,True,False,False,False
4780,981519,d,True,False,False,False
4781,475569,h,False,False,True,False
4782,167369,d,True,False,False,False
4783,515237,h,False,False,True,False
4784,403238,d2,False,True,False,False
4785,900810,d,True,False,False,False
4786,656669,d,True,False,False,False
4787,911828,d2,False,True,False,False
4788,686636,v,False,False,False,True
4789,335409,d2,False,True,False,False
4790,500750,d,True,False,False,False
4791,123547,h,False,False,True,False
4792,595100,d2,False,True,False,False
4793,213951,d2,False,True,False,False
4794,263709,v,False,False,False,True
4795,651084,v,False,False,False,True
4796,701218,d,True,False,False,False
4797,80128,v,False,False,False,True
4798,708208,d2,False,True,False,False
4799,112874,h,False,False,True,False
4800,71517,d2,False,True,False,False
4801,448054,v,False,False,False,True
4802,172771,d,True,False,False,False
4803,896751,d,True,False,False,False
4804,465600,d2,False,True,False,False
4805,360058,v,False,False,False,True
4806,189109,d,True,False,False,False
4807,35541,d2,False,True,False,False
4808,321860,d2,False,True,False,False
4809,902082,v,False,False,False,True
4810,811852,d2,False,True,False,False
4811,118621,h,False,False,True,False
4812,365596,d2,False,True,False,False
4813,82567,v,False,False,False,True
4814,809530,v,False,False,False,True
4815,336226,d,True,False,False,False
4816,15616,h,False,False,True,False
4817,409863,d2,False,True,False,False
4818,298843,v,False,False,False,True
4819,270181,d2,False,True,False,False
4820,211190,h,False,False,True,False
4821,115930,v,False,False,False,True
4822,981139,h,False,False,True,False
4823,35010,v,False,False,False,True
4824,74193,d,True,False,False,False
4825,763273,d,True,False,False,False
4826,958057,d,True,False,False,False
4827,260951,d,True,False,False,False
4828,728021,d,True,False,False,False
4829,784292,d,True,False,False,False
4830,207593,h,False,False,True,False
4831,868704,d2,False,True,False,False
4832,452142,h,False,False,True,False
4833,541139,d2,False,True,False,False
4834,302391,d,True,False,False,False
4835,348977,v,False,False,False,True
4836,86084,d2,False,True,False,False
4837,530522,d,True,False,False,False
4838,829706,d2,False,True,False,False
4839,810526,v,False,False,False,True
4840,188312,h,False,False,True,False
4841,702790,d2,False,True,False,False
4842,75434,h,False,False,True,False
4843,818360,d,True,False,False,False
4844,560593,d,True,False,False,False
4845,966418,h,False,False,True,False
4846,978867,d,True,False,False,False
4847,154983,d2,False,True,False,False
4848,129232,d2,False,True,False,False
4849,54140,d2,False,True,False,False
4850,480817,d,True,False,False,False
4851,275073,v,False,False,False,True
4852,936653,h,False,False,True,False
4853,291952,d2,False,True,False,False
4854,859335,d,True,False,False,False
4855,57153,v,False,False,False,True
4856,976922,v,False,False,False,True
4857,461475,h,False,False,True,False
4858,85344,h,False,False,True,False
4859,49107,d,True,False,False,False
4860,415906,d,True,False,False,False
4861,853839,v,False,False,False,True
4862,593814,d,True,False,False,False
4863,594615,d2,False,True,False,False
4864,342675,d,True,False,False,False
4865,141019,d,True,False,False,False
4866,50583,h,False,False,True,False
4867,991114,d2,False,True,False,False
4868,70369,d2,False,True,False,False
4869,915862,d,True,False,False,False
4870,325762,d,True,False,False,False
4871,608403,d,True,False,False,False
4872,369223,h,False,False,True,False
4873,304076,d2,False,True,False,False
4874,812382,d,True,False,False,False
4875,619906,d,True,False,False,False
4876,269927,h,False,False,True,False
4877,333651,d,True,False,False,False
4878,405185,h,False,False,True,False
4879,841046,v,False,False,False,True
4880,815578,v,False,False,False,True
4881,101527,h,False,False,True,False
4882,201595,d2,False,True,False,False
4883,813302,h,False,False,True,False
4884,737676,h,False,False,True,False
4885,173022,d,True,False,False,False
4886,408940,d2,False,True,False,False
4887,697277,h,False,False,True,False
4888,226802,h,False,False,True,False
4889,417974,v,False,False,False,True
4890,529518,v,False,False,False,True
4891,869766,d,True,False,False,False
4892,200335,d2,False,True,False,False
4893,792648,h,False,False,True,False
4894,247197,v,False,False,False,True
4895,108005,v,False,False,False,True
4896,424697,d,True,False,False,False
4897,6781,d,True,False,False,False
4898,257334,h,False,False,True,False
4899,987786,d2,False,True,False,False
4900,100177,d,True,False,False,False
4901,171535,d,True,False,False,False
4902,881666,d,True,False,False,False
4903,451918,d,True,False,False,False
4904,966216,v,False,False,False,True
4905,683608,h,False,False,True,False
4906,433993,v,False,False,False,True
4907,414955,h,False,False,True,False
4908,326778,d2,False,True,False,False
4909,559503,d2,False,True,False,False
4910,431978,v,False,False,False,True
4911,410909,d2,False,True,False,False
4912,920311,d,True,False,False,False
4913,166015,d2,False,True,False,False
4914,27722,h,False,False,True,False
4915,91424,v,False,False,False,True
4916,976630,v,False,False,False,True
4917,590313,v,False,False,False,True
4918,885144,d2,False,True,False,False
4919,432082,v,False,False,False,True
4920,190008,h,False,False,True,False
4921,760661,v,False,False,False,True
4922,772948,v,False,False,False,True
4923,909995,h,False,False,True,False
4924,397806,d2,False,True,False,False
4925,689366,v,False,False,False,True
4926,446555,d2,False,True,False,False
4927,231233,d,True,False,False,False
4928,840007,d,True,False,False,False
4929,528715,v,False,False,False,True
4930,798096,d2,False,True,False,False
4931,898242,h,False,False,True,False
4932,547347,d,True,False,False,False
4933,132980,d,True,False,False,False
4934,377928,v,False,False,False,True
4935,672380,v,False,False,False,True
4936,405486,v,False,False,False,True
4937,198369,d2,False,True,False,False
4938,909112,h,False,False,True,False
4939,940895,h,False,False,True,False
4940,408036,d,True,False,False,False
4941,324146,d,True,False,False,False
4942,556260,h,False,False,True,False
4943,775863,d2,False,True,False,False
4944,846602,d,True,False,False,False
4945,709446,v,False,False,False,True
4946,978476,v,False,False,False,True
4947,686506,h,False,False,True,False
4948,723485,d2,False,True,False,False
4949,438715,v,False,False,False,True
4950,258978,h,False,False,True,False
4951,882358,d,True,False,False,False
4952,104779,d2,False,True,False,False
4953,455359,h,False,False,True,False
4954,792668,d,True,False,False,False
4955,475901,h,False,False,True,False
4956,53041,h,False,False,True,False
4957,267498,d2,False,True,False,False
4958,165825,h,False,False,True,False
4959,399485,d,True,False,False,False
4960,485394,h,False,False,True,False
4961,869061,v,False,False,False,True
4962,836561,h,False,False,True,False
4963,892353,v,False,False,False,True
4964,256632,v,False,False,False,True
4965,60452,d2,False,True,False,False
4966,211277,h,False,False,True,False
4967,775940,d,True,False,False,False
4968,58018,h,False,False,True,False
4969,964966,d,True,False,False,False
4970,391499,d2,False,True,False,False
4971,332959,v,False,False,False,True
4972,374313,v,False,False,False,True
4973,24570,d2,False,True,False,False
4974,814228,d,True,False,False,False
4975,457961,d,True,False,False,False
4976,774754,d2,False,True,False,False
4977,292677,v,False,False,False,True
4978,561716,d,True,False,False,False
4979,564286,d,True,False,False,False
4980,181530,d2,False,True,False,False
4981,332317,v,False,False,False,True
4982,508792,d,True,False,False,False
4983,99520,d,True,False,False,False
4984,3544,v,False,False,False,True
4985,410606,h,False,False,True,False
4986,72062,v,False,False,False,True
4987,358691,h,False,False,True,False
4988,987267,h,False,False,True,False
4989,82872,v,False,False,False,True
4990,6433,d,True,False,False,False
4991,974578,v,False,False,False,True
4992,367600,d2,False,True,False,False
4993,272475,d,True,False,False,False
4994,606303,v,False,False,False,True
4995,115041,d,True,False,False,False
4996,191665,d2,False,True,False,False
4997,295073,d,True,False,False,False
4998,190294,h,False,False,True,False
4999,187063,v,False,False,False,True
5000,674615,h,False,False,True,False
5001,305244,v,False,False,False,True
5002,668856,d2,False,True,False,False
5003,917872,d2,False,True,False,False
5004,197296,d,True,False,False,False
5005,157885,v,False,False,False,True
5006,498508,d,True,False,False,False
5007,669030,h,False,False,True,False
5008,714814,v,False,False,False,True
5009,213268,v,False,False,False,True
5010,461891,d,True,False,False,False
5011,928691,d2,False,True,False,False
5012,876727,v,False,False,False,True
5013,568937,h,False,False,True,False
5014,175892,d2,False,True,False,False
5015,828471,d,True,False,False,False
5016,632601,d2,False,True,False,False
5017,503084,v,False,False,False,True
5018,404868,d,True,False,False,False
5019,20924,h,False,False,True,False
5020,631947,d2,False,True,False,False
5021,26493,d,True,False,False,False
5022,118825,d,True,False,False,False
5023,973612,v,False,False,False,True
5024,398710,d2,False,True,False,False
5025,542371,v,False,False,False,True
5026,554351,h,False,False,True,False
5027,489432,d,True,False,False,False
5028,635134,d2,False,True,False,False
5029,279997,d,True,False,False,False
5030,85430,d,True,False,False,False
5031,381178,d2,False,True,False,False
5032,530304,h,False,False,True,False
5033,711787,d,True,False,False,False
5034,541909,h,False,False,True,False
5035,569888,d,True,False,False,False
5036,769547,v,False,False,False,True
5037,497518,h,False,False,True,False
5038,223614,d,True,False,False,False
5039,286854,d2,False,True,False,False
5040,57740,d,True,False,False,False
5041,241747,d2,False,True,False,False
5042,105276,h,False,False,True,False
5043,935289,h,False,False,True,False
5044,402245,d2,False,True,False,False
5045,228700,h,False,False,True,False
5046,282726,v,False,False,False,True
5047,106011,d2,False,True,False,False
5048,191652,d2,False,True,False,False
5049,773028,d,True,False,False,False
5050,777006,h,False,False,True,False
5051,197458,d,True,False,False,False
5052,101061,h,False,False,True,False
5053,426284,d2,False,True,False,False
5054,331026,d2,False,True,False,False
5055,58141,v,False,False,False,True
5056,527925,v,False,False,False,True
5057,689704,d2,False,True,False,False
5058,727393,h,False,False,True,False
5059,454654,d,True,False,False,False
5060,967854,v,False,False,False,True
5061,75177,v,False,False,False,True
5062,812794,v,False,False,False,True
5063,650558,v,False,False,False,True
5064,413532,v,False,False,False,True
5065,200819,h,False,False,True,False
5066,232487,v,False,False,False,True
5067,65350,d,True,False,False,False
5068,678488,h,False,False,True,False
5069,785144,d2,False,True,False,False
5070,683270,v,False,False,False,True
5071,162436,d,True,False,False,False
5072,728163,d2,False,True,False,False
5073,545392,d2,False,True,False,False
5074,135523,h,False,False,True,False
5075,258564,d,True,False,False,False
5076,412149,h,False,False,True,False
5077,130769,h,False,False,True,False
5078,39745,v,False,False,False,True
5079,194562,v,False,False,False,True
5080,727773,h,False,False,True,False
5081,151361,v,False,False,False,True
5082,641125,v,False,False,False,True
5083,511257,d,True,False,False,False
5084,463244,d,True,False,False,False
5085,922725,d,True,False,False,False
5086,806019,h,False,False,True,False
5087,205556,d,True,False,False,False
5088,370460,d,True,False,False,False
5089,954818,h,False,False,True,False
5090,419485,v,False,False,False,True
5091,218568,h,False,False,True,False
5092,801739,d,True,False,False,False
5093,414296,d,True,False,False,False
5094,263232,d2,False,True,False,False
5095,7381,d,True,False,False,False
5096,744609,d2,False,True,False,False
5097,555216,d,True,False,False,False
5098,749479,d,True,False,False,False
5099,107722,d2,False,True,False,False
5100,25593,v,False,False,False,True
5101,312376,d,True,False,False,False
5102,214182,d2,False,True,False,False
5103,559800,v,False,False,False,True
5104,354283,d,True,False,False,False
5105,454673,v,False,False,False,True
5106,577735,d,True,False,False,False
5107,269603,h,False,False,True,False
5108,620271,v,False,False,False,True
5109,268562,h,False,False,True,False
5110,717788,v,False,False,False,True
5111,882371,d2,False,True,False,False
5112,851369,d,True,False,False,False
5113,469999,h,False,False,True,False
5114,402093,h,False,False,True,False
5115,732185,h,False,False,True,False
5116,920639,d2,False,True,False,False
5117,27060,d,True,False,False,False
5118,259420,d,True,False,False,False
5119,846560,h,False,False,True,False
5120,758354,v,False,False,False,True
5121,468897,d2,False,True,False,False
5122,510527,v,False,False,False,True
5123,409122,d2,False,True,False,False
5124,639057,h,False,False,True,False
5125,233650,d2,False,True,False,False
5126,118156,h,False,False,True,False
5127,556593,h,False,False,True,False
5128,15780,d,True,False,False,False
5129,167031,d2,False,True,False,False
5130,461677,v,False,False,False,True
5131,949882,d2,False,True,False,False
5132,840158,d2,False,True,False,False
5133,891872,d,True,False,False,False
5134,658584,d2,False,True,False,False
5135,804284,d2,False,True,False,False
5136,11277,d2,False,True,False,False
5137,302590,h,False,False,True,False
5138,371587,h,False,False,True,False
5139,332655,h,False,False,True,False
5140,779519,h,False,False,True,False
5141,361208,d,True,False,False,False
5142,661872,d2,False,True,False,False
5143,745407,d,True,False,False,False
5144,394761,d2,False,True,False,False
5145,95106,d,True,False,False,False
5146,344185,d2,False,True,False,False
5147,299101,d,True,False,False,False
5148,849519,v,False,False,False,True
5149,487159,d2,False,True,False,False
5150,796292,d,True,False,False,False
5151,779247,d,True,False,False,False
5152,381652,h,False,False,True,False
5153,61913,v,False,False,False,True
5154,174469,v,False,False,False,True
5155,804082,d,True,False,False,False
5156,838542,d,True,False,False,False
5157,886062,d,True,False,False,False
5158,717891,d,True,False,False,False
5159,861225,d,True,False,False,False
5160,957714,h,False,False,True,False
5161,739993,d2,False,True,False,False
5162,85833,h,False,False,True,False
5163,493185,h,False,False,True,False
5164,613625,d2,False,True,False,False
5165,326579,h,False,False,True,False
5166,75503,d2,False,True,False,False
5167,391970,h,False,False,True,False
5168,171132,d,True,False,False,False
5169,350586,d,True,False,False,False
5170,679153,v,False,False,False,True
5171,255886,h,False,False,True,False
5172,726702,d,True,False,False,False
5173,153523,d,True,False,False,False
5174,413830,v,False,False,False,True
5175,416532,h,False,False,True,False
5176,588441,v,False,False,False,True
5177,820227,d,True,False,False,False
5178,314423,h,False,False,True,False
5179,84553,h,False,False,True,False
5180,473035,d,True,False,False,False
5181,939976,h,False,False,True,False
5182,780555,v,False,False,False,True
5183,259286,d,True,False,False,False
5184,124482,h,False,False,True,False
5185,274284,d,True,False,False,False
5186,171201,h,False,False,True,False
5187,712374,d2,False,True,False,False
5188,581658,d2,False,True,False,False
5189,252589,d2,False,True,False,False
5190,541334,v,False,False,False,True
5191,346466,d,True,False,False,False
5192,334312,v,False,False,False,True
5193,652937,h,False,False,True,False
5194,871158,v,False,False,False,True
5195,377907,v,False,False,False,True
5196,627046,h,False,False,True,False
5197,648910,d2,False,True,False,False
5198,394798,v,False,False,False,True
5199,903446,d,True,False,False,False
5200,61231,h,False,False,True,False
5201,7676,v,False,False,False,True
5202,966700,h,False,False,True,False
5203,815158,d,True,False,False,False
5204,889805,h,False,False,True,False
5205,174195,h,False,False,True,False
5206,63617,d,True,False,False,False
5207,322228,h,False,False,True,False
5208,942783,d,True,False,False,False
5209,875393,d,True,False,False,False
5210,234289,d,True,False,False,False
5211,446531,h,False,False,True,False
5212,142931,h,False,False,True,False
5213,208412,d,True,False,False,False
5214,884838,h,False,False,True,False
5215,287233,v,False,False,False,True
5216,399578,d2,False,True,False,False
5217,588759,v,False,False,False,True
5218,668802,v,False,False,False,True
5219,337541,h,False,False,True,False
5220,334414,h,False,False,True,False
5221,846842,d2,False,True,False,False
5222,140888,d,True,False,False,False
5223,791583,d2,False,True,False,False
5224,912334,d,True,False,False,False
5225,241846,h,False,False,True,False
5226,728593,d,True,False,False,False
5227,41618,d,True,False,False,False
5228,357123,h,False,False,True,False
5229,606609,d,True,False,False,False
5230,667358,d2,False,True,False,False
5231,663634,v,False,False,False,True
5232,346587,d2,False,True,False,False
5233,712431,d,True,False,False,False
5234,600727,d,True,False,False,False
5235,375911,v,False,False,False,True
5236,348467,d2,False,True,False,False
5237,585835,d2,False,True,False,False
5238,793001,d2,False,True,False,False
5239,355899,v,False,False,False,True
5240,232808,d2,False,True,False,False
5241,765760,v,False,False,False,True
5242,833244,d,True,False,False,False
5243,371748,d,True,False,False,False
5244,628776,d2,False,True,False,False
5245,968381,h,False,False,True,False
5246,540282,v,False,False,False,True
5247,32583,v,False,False,False,True
5248,144622,d2,False,True,False,False
5249,447088,d,True,False,False,False
5250,226660,h,False,False,True,False
5251,654837,h,False,False,True,False
5252,401597,d,True,False,False,False
5253,403551,v,False,False,False,True
5254,148072,v,False,False,False,True
5255,179752,d2,False,True,False,False
5256,851142,d2,False,True,False,False
5257,309396,d2,False,True,False,False
5258,977233,d,True,False,False,False
5259,906344,d2,False,True,False,False
5260,142850,d,True,False,False,False
5261,707321,h,False,False,True,False
5262,784403,d,True,False,False,False
5263,858847,h,False,False,True,False
5264,625105,h,False,False,True,False
5265,326262,d2,False,True,False,False
5266,39042,h,False,False,True,False
5267,980541,h,False,False,True,False
5268,713008,d2,False,True,False,False
5269,502857,h,False,False,True,False
5270,490285,d,True,False,False,False
5271,71827,h,False,False,True,False
5272,774512,h,False,False,True,False
5273,330023,v,False,False,False,True
5274,606482,d2,False,True,False,False
5275,146367,d2,False,True,False,False
5276,641345,h,False,False,True,False
5277,979732,h,False,False,True,False
5278,469282,h,False,False,True,False
5279,994041,d2,False,True,False,False
5280,43366,h,False,False,True,False
5281,934441,v,False,False,False,True
5282,273254,v,False,False,False,True
5283,382553,h,False,False,True,False
5284,668862,d2,False,True,False,False
5285,768315,d2,False,True,False,False
5286,18919,d2,False,True,False,False
5287,554039,d2,False,True,False,False
5288,211213,v,False,False,False,True
5289,375732,d2,False,True,False,False
5290,46702,h,False,False,True,False
5291,833289,v,False,False,False,True
5292,247788,h,False,False,True,False
5293,452297,d2,False,True,False,False
5294,760179,v,False,False,False,True
5295,437508,d2,False,True,False,False
5296,908087,d,True,False,False,False
5297,890188,v,False,False,False,True
5298,924260,d2,False,True,False,False
5299,559088,d,True,False,False,False
5300,223626,v,False,False,False,True
5301,806832,h,False,False,True,False
5302,64505,d,True,False,False,False
5303,890856,d,True,False,False,False
5304,112033,v,False,False,False,True
5305,651346,d2,False,True,False,False
5306,619733,d,True,False,False,False
5307,692647,d,True,False,False,False
5308,2077,h,False,False,True,False
5309,798657,d2,False,True,False,False
5310,875207,d2,False,True,False,False
5311,25825,v,False,False,False,True
5312,542564,d,True,False,False,False
5313,602778,v,False,False,False,True
5314,848174,h,False,False,True,False
5315,786841,h,False,False,True,False
5316,873398,h,False,False,True,False
5317,287475,h,False,False,True,False
5318,631810,v,False,False,False,True
5319,907724,d,True,False,False,False
5320,394418,h,False,False,True,False
5321,70246,h,False,False,True,False
5322,589994,d2,False,True,False,False
5323,260935,v,False,False,False,True
5324,354824,d,True,False,False,False
5325,284644,d2,False,True,False,False
5326,593751,h,False,False,True,False
5327,605916,v,False,False,False,True
5328,615093,d2,False,True,False,False
5329,561771,d,True,False,False,False
5330,601645,v,False,False,False,True
5331,619616,d,True,False,False,False
5332,831718,h,False,False,True,False
5333,996953,d2,False,True,False,False
5334,449760,v,False,False,False,True
5335,193609,v,False,False,False,True
5336,718548,d2,False,True,False,False
5337,776517,d,True,False,False,False
5338,103837,v,False,False,False,True
5339,229452,d,True,False,False,False
5340,362229,h,False,False,True,False
5341,661442,h,False,False,True,False
5342,247904,h,False,False,True,False
5343,89585,d,True,False,False,False
5344,956951,h,False,False,True,False
5345,241915,d,True,False,False,False
5346,392322,d2,False,True,False,False
5347,411357,v,False,False,False,True
5348,660738,v,False,False,False,True
5349,929046,d2,False,True,False,False
5350,855454,v,False,False,False,True
5351,544080,d2,False,True,False,False
5352,948892,d2,False,True,False,False
5353,942311,v,False,False,False,True
5354,276195,d2,False,True,False,False
5355,636425,d2,False,True,False,False
5356,238250,d2,False,True,False,False
5357,647876,d2,False,True,False,False
5358,165261,h,False,False,True,False
5359,914406,d2,False,True,False,False
5360,937387,v,False,False,False,True
5361,953438,h,False,False,True,False
5362,806987,v,False,False,False,True
5363,423994,d,True,False,False,False
5364,294478,d2,False,True,False,False
5365,937599,h,False,False,True,False
5366,522214,d2,False,True,False,False
5367,70274,d2,False,True,False,False
5368,426268,d,True,False,False,False
5369,497157,d2,False,True,False,False
5370,901547,d,True,False,False,False
5371,157135,d,True,False,False,False
5372,111800,d2,False,True,False,False
5373,518555,v,False,False,False,True
5374,939476,v,False,False,False,True
5375,356338,d2,False,True,False,False
5376,216215,d,True,False,False,False
5377,378600,d,True,False,False,False
5378,524127,d2,False,True,False,False
5379,658518,d,True,False,False,False
5380,663723,d2,False,True,False,False
5381,569409,d2,False,True,False,False
5382,698470,d,True,False,False,False
5383,555117,d,True,False,False,False
5384,680862,h,False,False,True,False
5385,958537,h,False,False,True,False
5386,805771,d2,False,True,False,False
5387,592345,d,True,False,False,False
5388,816532,h,False,False,True,False
5389,828958,d,True,False,False,False
5390,164526,d2,False,True,False,False
5391,974699,d2,False,True,False,False
5392,867563,d,True,False,False,False
5393,994548,v,False,False,False,True
5394,275942,d2,False,True,False,False
5395,842264,d,True,False,False,False
5396,255578,d,True,False,False,False
5397,383677,d2,False,True,False,False
5398,133162,v,False,False,False,True
5399,462787,d2,False,True,False,False
5400,287767,d2,False,True,False,False
5401,866138,v,False,False,False,True
5402,203955,d,True,False,False,False
5403,60776,v,False,False,False,True
5404,851856,v,False,False,False,True
5405,893157,d2,False,True,False,False
5406,935588,d,True,False,False,False
5407,419530,d2,False,True,False,False
5408,850187,v,False,False,False,True
5409,963353,v,False,False,False,True
5410,458836,d2,False,True,False,False
5411,953360,d,True,False,False,False
5412,296860,d2,False,True,False,False
5413,98213,h,False,False,True,False
5414,305403,d,True,False,False,False
5415,221838,d,True,False,False,False
5416,309187,h,False,False,True,False
5417,225309,h,False,False,True,False
5418,224472,h,False,False,True,False
5419,595857,h,False,False,True,False
5420,844191,d,True,False,False,False
5421,135618,d2,False,True,False,False
5422,763438,h,False,False,True,False
5423,208877,d,True,False,False,False
5424,619402,h,False,False,True,False
5425,392792,d,True,False,False,False
5426,496195,v,False,False,False,True
5427,714494,h,False,False,True,False
5428,380398,d2,False,True,False,False
5429,480773,h,False,False,True,False
5430,39797,d,True,False,False,False
5431,514852,d2,False,True,False,False
5432,462333,v,False,False,False,True
5433,659052,d,True,False,False,False
5434,514275,d2,False,True,False,False
5435,535227,d,True,False,False,False
5436,205903,d,True,False,False,False
5437,676616,d2,False,True,False,False
5438,150203,h,False,False,True,False
5439,743798,d2,False,True,False,False
5440,42030,h,False,False,True,False
5441,162180,d,True,False,False,False
5442,858996,v,False,False,False,True
5443,754871,h,False,False,True,False
5444,259595,d2,False,True,False,False
5445,736666,h,False,False,True,False
5446,694089,v,False,False,False,True
5447,197224,d2,False,True,False,False
5448,605579,v,False,False,False,True
5449,281956,v,False,False,False,True
5450,448064,h,False,False,True,False
5451,195360,d,True,False,False,False
5452,431933,v,False,False,False,True
5453,830146,d,True,False,False,False
5454,988886,d2,False,True,False,False
5455,178296,v,False,False,False,True
5456,780145,d2,False,True,False,False
5457,800227,d,True,False,False,False
5458,758721,d2,False,True,False,False
5459,26250,v,False,False,False,True
5460,920499,d2,False,True,False,False
5461,977435,v,False,False,False,True
5462,11569,d,True,False,False,False
5463,212731,d2,False,True,False,False
5464,938571,d,True,False,False,False
5465,855979,h,False,False,True,False
5466,25405,d,True,False,False,False
5467,95814,d2,False,True,False,False
5468,32476,d,True,False,False,False
5469,154342,v,False,False,False,True
5470,281695,d2,False,True,False,False
5471,887199,d,True,False,False,False
5472,394273,d,True,False,False,False
5473,280588,v,False,False,False,True
5474,439089,d,True,False,False,False
5475,573506,d,True,False,False,False
5476,351911,h,False,False,True,False
5477,328556,d,True,False,False,False
5478,963629,v,False,False,False,True
5479,511922,d2,False,True,False,False
5480,300673,d,True,False,False,False
5481,335240,d,True,False,False,False
5482,191884,d2,False,True,False,False
5483,502622,h,False,False,True,False
5484,503609,d,True,False,False,False
5485,655348,v,False,False,False,True
5486,790645,v,False,False,False,True
5487,622102,h,False,False,True,False
5488,311436,d2,False,True,False,False
5489,568913,d2,False,True,False,False
5490,630169,h,False,False,True,False
5491,565281,d,True,False,False,False
5492,401562,v,False,False,False,True
5493,416704,v,False,False,False,True
5494,647692,d,True,False,False,False
5495,998521,d,True,False,False,False
5496,775087,h,False,False,True,False
5497,939262,h,False,False,True,False
5498,539767,v,False,False,False,True
5499,550162,h,False,False,True,False
5500,729898,d2,False,True,False,False
5501,66898,d2,False,True,False,False
5502,29469,v,False,False,False,True
5503,689436,d2,False,True,False,False
5504,863775,d,True,False,False,False
5505,871591,h,False,False,True,False
5506,582884,d,True,False,False,False
5507,162725,d2,False,True,False,False
5508,933498,d,True,False,False,False
5509,59987,d,True,False,False,False
5510,971087,d,True,False,False,False
5511,976912,d2,False,True,False,False
5512,367331,d2,False,True,False,False
5513,614728,v,False,False,False,True
5514,768168,h,False,False,True,False
5515,489341,v,False,False,False,True
5516,217984,v,False,False,False,True
5517,529487,d,True,False,False,False
5518,290019,d,True,False,False,False
5519,271433,d,True,False,False,False
5520,568324,v,False,False,False,True
5521,163626,d,True,False,False,False
5522,98802,d2,False,True,False,False
5523,283642,v,False,False,False,True
5524,259263,d,True,False,False,False
5525,195116,d2,False,True,False,False
5526,39253,v,False,False,False,True
5527,838,d2,False,True,False,False
5528,265433,d,True,False,False,False
5529,294021,d,True,False,False,False
5530,241006,v,False,False,False,True
5531,738924,v,False,False,False,True
5532,814240,h,False,False,True,False
5533,123951,d,True,False,False,False
5534,127519,h,False,False,True,False
5535,194247,d2,False,True,False,False
5536,207580,h,False,False,True,False
5537,246687,v,False,False,False,True
5538,282413,d,True,False,False,False
5539,528614,d,True,False,False,False
5540,156123,d,True,False,False,False
5541,932063,v,False,False,False,True
5542,306025,d2,False,True,False,False
5543,136282,d,True,False,False,False
5544,308834,d2,False,True,False,False
5545,185015,d,True,False,False,False
5546,638411,h,False,False,True,False
5547,742849,v,False,False,False,True
5548,755353,v,False,False,False,True
5549,898777,d,True,False,False,False
5550,782196,v,False,False,False,True
5551,627564,v,False,False,False,True
5552,671890,d,True,False,False,False
5553,506729,v,False,False,False,True
5554,318096,d,True,False,False,False
5555,486818,d,True,False,False,False
5556,839056,h,False,False,True,False
5557,286243,v,False,False,False,True
5558,148012,d2,False,True,False,False
5559,42816,h,False,False,True,False
5560,549690,h,False,False,True,False
5561,337644,v,False,False,False,True
5562,172382,d,True,False,False,False
5563,985318,h,False,False,True,False
5564,709092,v,False,False,False,True
5565,486241,h,False,False,True,False
5566,451899,h,False,False,True,False
5567,613127,h,False,False,True,False
5568,827217,d,True,False,False,False
5569,693286,d2,False,True,False,False
5570,930601,d2,False,True,False,False
5571,502242,d2,False,True,False,False
5572,794748,v,False,False,False,True
5573,612026,v,False,False,False,True
5574,376859,v,False,False,False,True
5575,376348,h,False,False,True,False
5576,978999,v,False,False,False,True
5577,721936,v,False,False,False,True
5578,559453,v,False,False,False,True
5579,455926,d,True,False,False,False
5580,981491,v,False,False,False,True
5581,471228,d,True,False,False,False
5582,659531,h,False,False,True,False
5583,888373,v,False,False,False,True
5584,579934,d,True,False,False,False
5585,392601,h,False,False,True,False
5586,26040,d,True,False,False,False
5587,932113,d2,False,True,False,False
5588,908934,v,False,False,False,True
5589,869142,d,True,False,False,False
5590,951500,v,False,False,False,True
5591,219237,v,False,False,False,True
5592,340214,d2,False,True,False,False
5593,963079,d2,False,True,False,False
5594,194731,v,False,False,False,True
5595,100578,d,True,False,False,False
5596,212287,d2,False,True,False,False
5597,931686,v,False,False,False,True
5598,13536,h,False,False,True,False
5599,969281,h,False,False,True,False
5600,577755,d,True,False,False,False
5601,682884,d2,False,True,False,False
5602,265002,v,False,False,False,True
5603,987761,d,True,False,False,False
5604,924400,d,True,False,False,False
5605,50816,v,False,False,False,True
5606,934231,d2,False,True,False,False
5607,86117,d,True,False,False,False
5608,811456,h,False,False,True,False
5609,68562,d,True,False,False,False
5610,976943,d2,False,True,False,False
5611,32177,d,True,False,False,False
5612,417087,d,True,False,False,False
5613,82891,d,True,False,False,False
5614,630759,v,False,False,False,True
5615,46346,h,False,False,True,False
5616,968559,d,True,False,False,False
5617,179829,v,False,False,False,True
5618,613245,h,False,False,True,False
5619,946997,d,True,False,False,False
5620,963082,v,False,False,False,True
5621,35039,h,False,False,True,False
5622,515960,d2,False,True,False,False
5623,696596,d,True,False,False,False
5624,249197,v,False,False,False,True
5625,796923,d2,False,True,False,False
5626,877070,h,False,False,True,False
5627,563093,v,False,False,False,True
5628,533283,d2,False,True,False,False
5629,311878,d2,False,True,False,False
5630,108467,d2,False,True,False,False
5631,194578,d2,False,True,False,False
5632,873587,d2,False,True,False,False
5633,487081,h,False,False,True,False
5634,377074,d2,False,True,False,False
5635,126706,h,False,False,True,False
5636,644985,d,True,False,False,False
5637,815146,v,False,False,False,True
5638,6777,v,False,False,False,True
5639,413931,d,True,False,False,False
5640,190185,h,False,False,True,False
5641,400838,d2,False,True,False,False
5642,922698,v,False,False,False,True
5643,7884,d2,False,True,False,False
5644,619700,h,False,False,True,False
5645,545813,h,False,False,True,False
5646,956382,d,True,False,False,False
5647,254793,v,False,False,False,True
5648,867977,d,True,False,False,False
5649,716808,v,False,False,False,True
5650,194341,d2,False,True,False,False
5651,303762,h,False,False,True,False
5652,830482,v,False,False,False,True
5653,398172,v,False,False,False,True
5654,463368,v,False,False,False,True
5655,331965,d2,False,True,False,False
5656,620728,d2,False,True,False,False
5657,859320,h,False,False,True,False
5658,790098,d,True,False,False,False
5659,894170,d,True,False,False,False
5660,181644,v,False,False,False,True
5661,76644,h,False,False,True,False
5662,86322,d,True,False,False,False
5663,60216,v,False,False,False,True
5664,606439,h,False,False,True,False
5665,102284,v,False,False,False,True
5666,139398,v,False,False,False,True
5667,188474,d,True,False,False,False
5668,667864,d2,False,True,False,False
5669,52511,h,False,False,True,False
5670,140675,d,True,False,False,False
5671,559520,d,True,False,False,False
5672,860404,d,True,False,False,False
5673,19734,h,False,False,True,False
5674,923985,d2,False,True,False,False
5675,208521,h,False,False,True,False
5676,957145,v,False,False,False,True
5677,805339,d,True,False,False,False
5678,247007,d,True,False,False,False
5679,261220,h,False,False,True,False
5680,670460,d,True,False,False,False
5681,505939,h,False,False,True,False
5682,838282,h,False,False,True,False
5683,571496,d2,False,True,False,False
5684,918978,h,False,False,True,False
5685,616378,h,False,False,True,False
5686,934889,d2,False,True,False,False
5687,495818,d2,False,True,False,False
5688,61976,d,True,False,False,False
5689,239256,d2,False,True,False,False
5690,954144,d,True,False,False,False
5691,93382,v,False,False,False,True
5692,594046,h,False,False,True,False
5693,208018,h,False,False,True,False
5694,712604,h,False,False,True,False
5695,133928,v,False,False,False,True
5696,519831,d,True,False,False,False
5697,642782,h,False,False,True,False
5698,829594,v,False,False,False,True
5699,486058,h,False,False,True,False
5700,780342,h,False,False,True,False
5701,212263,h,False,False,True,False
5702,759197,d,True,False,False,False
5703,553060,d,True,False,False,False
5704,776256,h,False,False,True,False
5705,469450,d,True,False,False,False
5706,368699,d2,False,True,False,False
5707,935673,d2,False,True,False,False
5708,388421,v,False,False,False,True
5709,676368,d2,False,True,False,False
5710,326713,d,True,False,False,False
5711,248150,d2,False,True,False,False
5712,256364,h,False,False,True,False
5713,133879,d,True,False,False,False
5714,870907,h,False,False,True,False
5715,903466,d,True,False,False,False
5716,626875,d,True,False,False,False
5717,895017,d2,False,True,False,False
5718,10059,d,True,False,False,False
5719,65531,d,True,False,False,False
5720,704259,v,False,False,False,True
5721,283774,d,True,False,False,False
5722,839229,d,True,False,False,False
5723,272084,d2,False,True,False,False
5724,500267,v,False,False,False,True
5725,292033,h,False,False,True,False
5726,174978,h,False,False,True,False
5727,254107,h,False,False,True,False
5728,843041,h,False,False,True,False
5729,462092,v,False,False,False,True
5730,983393,h,False,False,True,False
5731,394506,d2,False,True,False,False
5732,958427,h,False,False,True,False
5733,863880,v,False,False,False,True
5734,903718,h,False,False,True,False
5735,139789,d,True,False,False,False
5736,747513,d,True,False,False,False
5737,206171,d,True,False,False,False
5738,775926,d,True,False,False,False
5739,530376,d2,False,True,False,False
5740,941444,v,False,False,False,True
5741,490244,h,False,False,True,False
5742,986439,d,True,False,False,False
5743,92098,h,False,False,True,False
5744,281905,h,False,False,True,False
5745,222317,v,False,False,False,True
5746,132056,d,True,False,False,False
5747,374538,d2,False,True,False,False
5748,668388,v,False,False,False,True
5749,76576,h,False,False,True,False
5750,143398,v,False,False,False,True
5751,703916,h,False,False,True,False
5752,434753,h,False,False,True,False
5753,83955,v,False,False,False,True
5754,712593,v,False,False,False,True
5755,270589,v,False,False,False,True
5756,765270,v,False,False,False,True
5757,745782,h,False,False,True,False
5758,760579,d,True,False,False,False
5759,281373,v,False,False,False,True
5760,335306,h,False,False,True,False
5761,476058,h,False,False,True,False
5762,858619,d,True,False,False,False
5763,940615,h,False,False,True,False
5764,637398,h,False,False,True,False
5765,411533,d2,False,True,False,False
5766,332817,d2,False,True,False,False
5767,16753,h,False,False,True,False
5768,17199,d,True,False,False,False
5769,899541,h,False,False,True,False
5770,708784,d,True,False,False,False
5771,659352,d2,False,True,False,False
5772,730337,h,False,False,True,False
5773,827807,h,False,False,True,False
5774,915570,d,True,False,False,False
5775,920989,d2,False,True,False,False
5776,516805,d,True,False,False,False
5777,616091,h,False,False,True,False
5778,513121,d2,False,True,False,False
5779,380445,v,False,False,False,True
5780,841373,h,False,False,True,False
5781,440153,d2,False,True,False,False
5782,516871,d,True,False,False,False
5783,173093,h,False,False,True,False
5784,861754,h,False,False,True,False
5785,888311,v,False,False,False,True
5786,200394,d2,False,True,False,False
5787,565390,d2,False,True,False,False
5788,449704,h,False,False,True,False
5789,489493,v,False,False,False,True
5790,136203,v,False,False,False,True
5791,338342,h,False,False,True,False
5792,44064,v,False,False,False,True
5793,753311,v,False,False,False,True
5794,847712,v,False,False,False,True
5795,333063,d2,False,True,False,False
5796,127277,v,False,False,False,True
5797,35571,d,True,False,False,False
5798,788124,h,False,False,True,False
5799,538396,h,False,False,True,False
5800,625901,h,False,False,True,False
5801,187603,d2,False,True,False,False
5802,72242,d,True,False,False,False
5803,624854,h,False,False,True,False
5804,805367,v,False,False,False,True
5805,990233,v,False,False,False,True
5806,644512,h,False,False,True,False
5807,423113,h,False,False,True,False
5808,919449,h,False,False,True,False
5809,705277,d2,False,True,False,False
5810,392754,v,False,False,False,True
5811,642804,v,False,False,False,True
5812,728467,d2,False,True,False,False
5813,764634,v,False,False,False,True
5814,842477,v,False,False,False,True
5815,667441,d2,False,True,False,False
5816,902949,d,True,False,False,False
5817,993401,d,True,False,False,False
5818,59902,d2,False,True,False,False
5819,885199,d,True,False,False,False
5820,599407,h,False,False,True,False
5821,528568,h,False,False,True,False
5822,418876,d2,False,True,False,False
5823,229299,d,True,False,False,False
5824,880624,v,False,False,False,True
5825,934232,v,False,False,False,True
5826,724350,v,False,False,False,True
5827,416886,d2,False,True,False,False
5828,35128,h,False,False,True,False
5829,619367,v,False,False,False,True
5830,907529,v,False,False,False,True
5831,791529,d2,False,True,False,False
5832,197033,v,False,False,False,True
5833,936484,d,True,False,False,False
5834,851498,d,True,False,False,False
5835,794621,d,True,False,False,False
5836,786419,d,True,False,False,False
5837,260245,d2,False,True,False,False
5838,115864,v,False,False,False,True
5839,805181,d2,False,True,False,False
5840,147269,d2,False,True,False,False
5841,826510,h,False,False,True,False
5842,407110,v,False,False,False,True
5843,238976,v,False,False,False,True
5844,544392,v,False,False,False,True
5845,857677,d,True,False,False,False
5846,393888,d2,False,True,False,False
5847,452273,v,False,False,False,True
5848,67852,d2,False,True,False,False
5849,642355,d2,False,True,False,False
5850,772013,h,False,False,True,False
5851,326353,d2,False,True,False,False
5852,468503,d2,False,True,False,False
5853,637058,d,True,False,False,False
5854,746619,d,True,False,False,False
5855,347309,h,False,False,True,False
5856,409811,v,False,False,False,True
5857,898745,h,False,False,True,False
5858,862988,d,True,False,False,False
5859,767408,v,False,False,False,True
5860,146221,d,True,False,False,False
5861,453053,d,True,False,False,False
5862,624697,h,False,False,True,False
5863,835341,d2,False,True,False,False
5864,349069,d,True,False,False,False
5865,80691,v,False,False,False,True
5866,601346,d2,False,True,False,False
5867,303984,d,True,False,False,False
5868,577181,h,False,False,True,False
5869,47406,d2,False,True,False,False
5870,48276,h,False,False,True,False
5871,190634,h,False,False,True,False
5872,596246,d2,False,True,False,False
5873,393912,h,False,False,True,False
5874,643423,h,False,False,True,False
5875,562721,d,True,False,False,False
5876,465377,v,False,False,False,True
5877,363987,d2,False,True,False,False
5878,602028,h,False,False,True,False
5879,509896,d,True,False,False,False
5880,61544,v,False,False,False,True
5881,884661,h,False,False,True,False
5882,747056,d,True,False,False,False
5883,786675,d2,False,True,False,False
5884,100062,d,True,False,False,False
5885,670242,d2,False,True,False,False
5886,17215,v,False,False,False,True
5887,60081,d2,False,True,False,False
5888,670845,d,True,False,False,False
5889,124558,d,True,False,False,False
5890,220840,h,False,False,True,False
5891,523522,h,False,False,True,False
5892,687634,h,False,False,True,False
5893,911099,h,False,False,True,False
5894,131973,h,False,False,True,False
5895,946301,v,False,False,False,True
5896,601995,d2,False,True,False,False
5897,683112,v,False,False,False,True
5898,153172,d2,False,True,False,False
5899,861678,h,False,False,True,False
5900,142296,h,False,False,True,False
5901,756686,v,False,False,False,True
5902,810046,v,False,False,False,True
5903,304419,d,True,False,False,False
5904,404238,v,False,False,False,True
5905,66941,h,False,False,True,False
5906,748644,h,False,False,True,False
5907,71017,h,False,False,True,False
5908,81260,d,True,False,False,False
5909,685522,d2,False,True,False,False
5910,580930,h,False,False,True,False
5911,93610,h,False,False,True,False
5912,735928,h,False,False,True,False
5913,82832,v,False,False,False,True
5914,29339,d2,False,True,False,False
5915,593102,d2,False,True,False,False
5916,408153,v,False,False,False,True
5917,718696,d,True,False,False,False
5918,422732,h,False,False,True,False
5919,257444,h,False,False,True,False
5920,129306,h,False,False,True,False
5921,202089,d2,False,True,False,False
5922,132042,h,False,False,True,False
5923,105192,d,True,False,False,False
5924,123055,d,True,False,False,False
5925,934583,d2,False,True,False,False
5926,698205,d2,False,True,False,False
5927,735668,d,True,False,False,False
5928,737826,h,False,False,True,False
5929,424630,d2,False,True,False,False
5930,14213,h,False,False,True,False
5931,849018,h,False,False,True,False
5932,33717,v,False,False,False,True
5933,917245,d,True,False,False,False
5934,657902,d2,False,True,False,False
5935,365742,d,True,False,False,False
5936,887743,v,False,False,False,True
5937,567712,h,False,False,True,False
5938,390420,h,False,False,True,False
5939,786351,v,False,False,False,True
5940,399477,d,True,False,False,False
5941,562538,h,False,False,True,False
5942,387022,d2,False,True,False,False
5943,207547,d2,False,True,False,False
5944,466637,d,True,False,False,False
5945,70690,d,True,False,False,False
5946,438238,d,True,False,False,False
5947,448649,d2,False,True,False,False
5948,968512,d2,False,True,False,False
5949,101656,d,True,False,False,False
5950,669431,d2,False,True,False,False
5951,77338,v,False,False,False,True
5952,258168,h,False,False,True,False
5953,379186,d2,False,True,False,False
5954,646312,d2,False,True,False,False
5955,547431,h,False,False,True,False
5956,393170,d,True,False,False,False
5957,390165,d2,False,True,False,False
5958,690242,h,False,False,True,False
5959,325625,h,False,False,True,False
5960,171152,v,False,False,False,True
5961,501135,h,False,False,True,False
5962,857530,h,False,False,True,False
5963,109680,d,True,False,False,False
5964,633181,d,True,False,False,False
5965,608202,d,True,False,False,False
5966,173423,v,False,False,False,True
5967,415848,v,False,False,False,True
5968,845462,d2,False,True,False,False
5969,87383,d2,False,True,False,False
5970,435105,h,False,False,True,False
5971,422409,h,False,False,True,False
5972,800969,h,False,False,True,False
5973,812154,v,False,False,False,True
5974,489448,d2,False,True,False,False
5975,376659,d,True,False,False,False
5976,272750,v,False,False,False,True
5977,121369,h,False,False,True,False
5978,866389,v,False,False,False,True
5979,817645,d2,False,True,False,False
5980,486288,d2,False,True,False,False
5981,331457,d,True,False,False,False
5982,48018,d2,False,True,False,False
5983,696350,h,False,False,True,False
5984,979825,d2,False,True,False,False
5985,42178,d2,False,True,False,False
5986,196570,d,True,False,False,False
5987,490899,d,True,False,False,False
5988,485014,d2,False,True,False,False
5989,482933,d2,False,True,False,False
5990,185727,d,True,False,False,False
5991,461818,v,False,False,False,True
5992,184303,d2,False,True,False,False
5993,720939,d2,False,True,False,False
5994,515504,v,False,False,False,True
5995,926833,h,False,False,True,False
5996,334262,h,False,False,True,False
5997,69645,d2,False,True,False,False
5998,782154,d,True,False,False,False
5999,511574,d,True,False,False,False
6000,31246,d,True,False,False,False
6001,17004,d2,False,True,False,False
6002,853763,d,True,False,False,False
6003,534204,v,False,False,False,True
6004,232336,h,False,False,True,False
6005,758717,v,False,False,False,True
6006,810566,d2,False,True,False,False
6007,687585,v,False,False,False,True
6008,980925,d,True,False,False,False
6009,657609,h,False,False,True,False
6010,496051,d2,False,True,False,False
6011,651132,d2,False,True,False,False
6012,343760,h,False,False,True,False
6013,463471,h,False,False,True,False
6014,391349,h,False,False,True,False
6015,630144,d2,False,True,False,False
6016,800535,d2,False,True,False,False
6017,430525,d2,False,True,False,False
6018,548504,d,True,False,False,False
6019,124118,v,False,False,False,True
6020,300785,v,False,False,False,True
6021,843122,d2,False,True,False,False
6022,330653,d,True,False,False,False
6023,947879,h,False,False,True,False
6024,599466,d2,False,True,False,False
6025,695928,h,False,False,True,False
6026,930322,d2,False,True,False,False
6027,427433,h,False,False,True,False
6028,735544,v,False,False,False,True
6029,604858,d2,False,True,False,False
6030,576547,d2,False,True,False,False
6031,582645,h,False,False,True,False
6032,195476,d2,False,True,False,False
6033,507386,h,False,False,True,False
6034,315045,h,False,False,True,False
6035,744515,d2,False,True,False,False
6036,925134,v,False,False,False,True
6037,890649,h,False,False,True,False
6038,810447,h,False,False,True,False
6039,639250,h,False,False,True,False
6040,835548,d,True,False,False,False
6041,561223,d2,False,True,False,False
6042,724653,d,True,False,False,False
6043,83933,d,True,False,False,False
6044,545590,h,False,False,True,False
6045,584063,d2,False,True,False,False
6046,213808,v,False,False,False,True
6047,117695,d,True,False,False,False
6048,370974,d,True,False,False,False
6049,677512,v,False,False,False,True
6050,665891,d,True,False,False,False
6051,130951,v,False,False,False,True
6052,420581,h,False,False,True,False
6053,722777,d,True,False,False,False
6054,653786,h,False,False,True,False
6055,972603,d2,False,True,False,False
6056,207854,d2,False,True,False,False
6057,697284,d2,False,True,False,False
6058,894155,d,True,False,False,False
6059,682214,h,False,False,True,False
6060,65942,v,False,False,False,True
6061,547057,d,True,False,False,False
6062,984893,h,False,False,True,False
6063,453211,h,False,False,True,False
6064,374441,h,False,False,True,False
6065,868085,d2,False,True,False,False
6066,116110,d,True,False,False,False
6067,871132,d,True,False,False,False
6068,482751,h,False,False,True,False
6069,237319,v,False,False,False,True
6070,625674,d2,False,True,False,False
6071,967673,h,False,False,True,False
6072,228391,d2,False,True,False,False
6073,107738,d,True,False,False,False
6074,631408,h,False,False,True,False
6075,894839,v,False,False,False,True
6076,769464,d,True,False,False,False
6077,664371,d,True,False,False,False
6078,29909,h,False,False,True,False
6079,137046,v,False,False,False,True
6080,337641,d,True,False,False,False
6081,631300,h,False,False,True,False
6082,267876,d2,False,True,False,False
6083,145534,h,False,False,True,False
6084,464303,d,True,False,False,False
6085,361187,d,True,False,False,False
6086,125130,d,True,False,False,False
6087,237817,d,True,False,False,False
6088,105703,d,True,False,False,False
6089,77539,d,True,False,False,False
6090,708372,v,False,False,False,True
6091,489224,v,False,False,False,True
6092,896930,v,False,False,False,True
6093,96857,d,True,False,False,False
6094,811100,v,False,False,False,True
6095,205228,d2,False,True,False,False
6096,758171,d,True,False,False,False
6097,333083,d2,False,True,False,False
6098,564359,d,True,False,False,False
6099,546552,d2,False,True,False,False
6100,677391,v,False,False,False,True
6101,959802,v,False,False,False,True
6102,474015,d2,False,True,False,False
6103,769622,d,True,False,False,False
6104,623424,d2,False,True,False,False
6105,327694,h,False,False,True,False
6106,140287,d,True,False,False,False
6107,974884,h,False,False,True,False
6108,554766,v,False,False,False,True
6109,540357,v,False,False,False,True
6110,331812,h,False,False,True,False
6111,669207,h,False,False,True,False
6112,652004,d2,False,True,False,False
6113,753497,h,False,False,True,False
6114,511415,v,False,False,False,True
6115,96641,h,False,False,True,False
6116,824848,d,True,False,False,False
6117,753601,v,False,False,False,True
6118,838643,d,True,False,False,False
6119,427275,d2,False,True,False,False
6120,147403,d2,False,True,False,False
6121,958402,d2,False,True,False,False
6122,819142,d2,False,True,False,False
6123,570594,d2,False,True,False,False
6124,39122,d2,False,True,False,False
6125,513007,h,False,False,True,False
6126,978567,h,False,False,True,False
6127,289223,d,True,False,False,False
6128,779711,d,True,False,False,False
6129,949068,d,True,False,False,False
6130,452020,h,False,False,True,False
6131,205746,h,False,False,True,False
6132,380164,d,True,False,False,False
6133,556676,d2,False,True,False,False
6134,416504,d2,False,True,False,False
6135,545104,v,False,False,False,True
6136,678783,d,True,False,False,False
6137,917351,d2,False,True,False,False
6138,795582,d,True,False,False,False
6139,379914,v,False,False,False,True
6140,85764,v,False,False,False,True
6141,998433,d,True,False,False,False
6142,362274,h,False,False,True,False
6143,676685,h,False,False,True,False
6144,484350,d2,False,True,False,False
6145,766592,d2,False,True,False,False
6146,345897,v,False,False,False,True
6147,771818,v,False,False,False,True
6148,175183,v,False,False,False,True
6149,54381,d,True,False,False,False
6150,299075,d2,False,True,False,False
6151,288465,v,False,False,False,True
6152,578075,d2,False,True,False,False
6153,472162,h,False,False,True,False
6154,524880,d,True,False,False,False
6155,409413,d,True,False,False,False
6156,597903,h,False,False,True,False
6157,35023,d2,False,True,False,False
6158,392801,d2,False,True,False,False
6159,500974,d,True,False,False,False
6160,937583,v,False,False,False,True
6161,600775,h,False,False,True,False
6162,400092,v,False,False,False,True
6163,232864,h,False,False,True,False
6164,441060,d,True,False,False,False
6165,185044,d2,False,True,False,False
6166,45944,v,False,False,False,True
6167,492211,d2,False,True,False,False
6168,301140,d2,False,True,False,False
6169,696049,h,False,False,True,False
6170,147927,h,False,False,True,False
6171,135807,h,False,False,True,False
6172,887476,v,False,False,False,True
6173,222644,h,False,False,True,False
6174,407798,v,False,False,False,True
6175,25147,d2,False,True,False,False
6176,530201,d2,False,True,False,False
6177,194930,d,True,False,False,False
6178,594445,d2,False,True,False,False
6179,862723,d,True,False,False,False
6180,304524,v,False,False,False,True
6181,964495,d,True,False,False,False
6182,411065,d2,False,True,False,False
6183,404281,v,False,False,False,True
6184,104803,h,False,False,True,False
6185,154817,d2,False,True,False,False
6186,27120,d,True,False,False,False
6187,519848,d2,False,True,False,False
6188,410603,d2,False,True,False,False
6189,153004,h,False,False,True,False
6190,517257,v,False,False,False,True
6191,917710,h,False,False,True,False
6192,306422,v,False,False,False,True
6193,17862,d2,False,True,False,False
6194,696874,h,False,False,True,False
6195,46808,h,False,False,True,False
6196,876666,d,True,False,False,False
6197,321593,h,False,False,True,False
6198,52004,d2,False,True,False,False
6199,928002,h,False,False,True,False
6200,61235,d2,False,True,False,False
6201,854201,v,False,False,False,True
6202,139315,h,False,False,True,False
6203,958662,d,True,False,False,False
6204,240708,h,False,False,True,False
6205,612064,v,False,False,False,True
6206,986770,h,False,False,True,False
6207,934577,v,False,False,False,True
6208,602496,d2,False,True,False,False
6209,331324,d,True,False,False,False
6210,710029,d2,False,True,False,False
6211,939217,h,False,False,True,False
6212,687628,h,False,False,True,False
6213,609764,h,False,False,True,False
6214,352245,h,False,False,True,False
6215,385785,d,True,False,False,False
6216,569936,v,False,False,False,True
6217,866930,d2,False,True,False,False
6218,808682,d2,False,True,False,False
6219,628013,d2,False,True,False,False
6220,329999,h,False,False,True,False
6221,956790,d2,False,True,False,False
6222,411744,d,True,False,False,False
6223,371427,v,False,False,False,True
6224,173424,h,False,False,True,False
6225,901081,v,False,False,False,True
6226,394193,d,True,False,False,False
6227,384958,d2,False,True,False,False
6228,174239,h,False,False,True,False
6229,136728,h,False,False,True,False
6230,889947,d2,False,True,False,False
6231,469809,d2,False,True,False,False
6232,957479,d2,False,True,False,False
6233,203232,d,True,False,False,False
6234,681535,d,True,False,False,False
6235,316127,h,False,False,True,False
6236,611892,d2,False,True,False,False
6237,100324,h,False,False,True,False
6238,351624,d2,False,True,False,False
6239,644970,h,False,False,True,False
6240,997990,h,False,False,True,False
6241,588565,v,False,False,False,True
6242,783761,d2,False,True,False,False
6243,891344,v,False,False,False,True
6244,508593,v,False,False,False,True
6245,700689,h,False,False,True,False
6246,406862,d2,False,True,False,False
6247,953253,d,True,False,False,False
6248,609665,d,True,False,False,False
6249,922970,h,False,False,True,False
6250,533856,d2,False,True,False,False
6251,491786,d2,False,True,False,False
6252,419368,d,True,False,False,False
6253,412072,d,True,False,False,False
6254,507314,v,False,False,False,True
6255,903721,d2,False,True,False,False
6256,850669,d2,False,True,False,False
6257,474838,h,False,False,True,False
6258,288418,v,False,False,False,True
6259,881531,d2,False,True,False,False
6260,558190,d2,False,True,False,False
6261,963507,d2,False,True,False,False
6262,94392,h,False,False,True,False
6263,221525,d,True,False,False,False
6264,196388,v,False,False,False,True
6265,494633,d2,False,True,False,False
6266,84329,v,False,False,False,True
6267,991179,v,False,False,False,True
6268,608351,h,False,False,True,False
6269,664152,d,True,False,False,False
6270,787620,v,False,False,False,True
6271,195651,d,True,False,False,False
6272,477584,h,False,False,True,False
6273,544105,d,True,False,False,False
6274,931837,v,False,False,False,True
6275,653541,d,True,False,False,False
6276,742431,v,False,False,False,True
6277,680356,d2,False,True,False,False
6278,825211,d2,False,True,False,False
6279,277480,h,False,False,True,False
6280,986218,v,False,False,False,True
6281,525040,d,True,False,False,False
6282,800581,d,True,False,False,False
6283,710523,d2,False,True,False,False
6284,578901,v,False,False,False,True
6285,252261,d2,False,True,False,False
6286,672358,d2,False,True,False,False
6287,561885,v,False,False,False,True
6288,898611,v,False,False,False,True
6289,659696,v,False,False,False,True
6290,566841,h,False,False,True,False
6291,636648,h,False,False,True,False
6292,394436,v,False,False,False,True
6293,948282,v,False,False,False,True
6294,44082,d2,False,True,False,False
6295,103491,h,False,False,True,False
6296,862175,d2,False,True,False,False
6297,320608,h,False,False,True,False
6298,343909,h,False,False,True,False
6299,259681,h,False,False,True,False
6300,258495,v,False,False,False,True
6301,895800,d,True,False,False,False
6302,879947,v,False,False,False,True
6303,947915,h,False,False,True,False
6304,698310,d,True,False,False,False
6305,701596,d,True,False,False,False
6306,270914,h,False,False,True,False
6307,376378,d,True,False,False,False
6308,934376,d2,False,True,False,False
6309,506000,d2,False,True,False,False
6310,543865,d,True,False,False,False
6311,28699,d,True,False,False,False
6312,92962,d2,False,True,False,False
6313,40982,d2,False,True,False,False
6314,519153,v,False,False,False,True
6315,157191,d2,False,True,False,False
6316,206224,v,False,False,False,True
6317,258734,d,True,False,False,False
6318,157742,v,False,False,False,True
6319,538814,h,False,False,True,False
6320,416489,d,True,False,False,False
6321,924088,d,True,False,False,False
6322,138140,d2,False,True,False,False
6323,249535,d,True,False,False,False
6324,474198,h,False,False,True,False
6325,373510,d2,False,True,False,False
6326,982812,d,True,False,False,False
6327,871407,d,True,False,False,False
6328,901019,d,True,False,False,False
6329,399635,d,True,False,False,False
6330,699039,v,False,False,False,True
6331,268974,h,False,False,True,False
6332,911864,h,False,False,True,False
6333,357668,h,False,False,True,False
6334,460787,d,True,False,False,False
6335,728209,d2,False,True,False,False
6336,314742,h,False,False,True,False
6337,886164,d2,False,True,False,False
6338,577356,d,True,False,False,False
6339,748371,v,False,False,False,True
6340,298341,d2,False,True,False,False
6341,142553,h,False,False,True,False
6342,323518,h,False,False,True,False
6343,929340,d,True,False,False,False
6344,778647,d,True,False,False,False
6345,800919,h,False,False,True,False
6346,805142,d2,False,True,False,False
6347,259291,h,False,False,True,False
6348,936596,d,True,False,False,False
6349,626668,v,False,False,False,True
6350,780136,v,False,False,False,True
6351,956837,d2,False,True,False,False
6352,416610,h,False,False,True,False
6353,618747,d,True,False,False,False
6354,379847,h,False,False,True,False
6355,163187,d2,False,True,False,False
6356,657183,v,False,False,False,True
6357,801428,v,False,False,False,True
6358,737736,v,False,False,False,True
6359,767809,v,False,False,False,True
6360,205927,d,True,False,False,False
6361,817351,h,False,False,True,False
6362,314418,d,True,False,False,False
6363,748759,d2,False,True,False,False
6364,876541,d2,False,True,False,False
6365,390431,d,True,False,False,False
6366,466775,h,False,False,True,False
6367,154697,d,True,False,False,False
6368,912396,d2,False,True,False,False
6369,25208,d2,False,True,False,False
6370,250477,d2,False,True,False,False
6371,906560,v,False,False,False,True
6372,683971,v,False,False,False,True
6373,720573,d,True,False,False,False
6374,74254,d,True,False,False,False
6375,275726,v,False,False,False,True
6376,285925,d2,False,True,False,False
6377,466767,h,False,False,True,False
6378,567897,d,True,False,False,False
6379,373830,v,False,False,False,True
6380,508585,d2,False,True,False,False
6381,712864,h,False,False,True,False
6382,992641,v,False,False,False,True
6383,887260,d2,False,True,False,False
6384,78448,v,False,False,False,True
6385,508961,d,True,False,False,False
6386,400497,d2,False,True,False,False
6387,355128,d,True,False,False,False
6388,421994,d,True,False,False,False
6389,708265,h,False,False,True,False
6390,314202,h,False,False,True,False
6391,702263,h,False,False,True,False
6392,552624,d,True,False,False,False
6393,740593,h,False,False,True,False
6394,657569,v,False,False,False,True
6395,780726,d2,False,True,False,False
6396,309051,d,True,False,False,False
6397,365066,v,False,False,False,True
6398,270648,d2,False,True,False,False
6399,732670,d,True,False,False,False
6400,393926,d,True,False,False,False
6401,323064,v,False,False,False,True
6402,433524,d2,False,True,False,False
6403,415503,d2,False,True,False,False
6404,969246,v,False,False,False,True
6405,354736,d2,False,True,False,False
6406,223364,v,False,False,False,True
6407,515162,v,False,False,False,True
6408,424778,d2,False,True,False,False
6409,479169,d2,False,True,False,False
6410,472707,d,True,False,False,False
6411,420129,d2,False,True,False,False
6412,710000,d,True,False,False,False
6413,930340,d2,False,True,False,False
6414,274117,h,False,False,True,False
6415,288185,d2,False,True,False,False
6416,548942,d2,False,True,False,False
6417,149472,h,False,False,True,False
6418,686133,v,False,False,False,True
6419,693349,d2,False,True,False,False
6420,450032,d2,False,True,False,False
6421,417190,h,False,False,True,False
6422,601235,v,False,False,False,True
6423,716602,h,False,False,True,False
6424,919109,d2,False,True,False,False
6425,918541,d2,False,True,False,False
6426,734663,d,True,False,False,False
6427,157582,h,False,False,True,False
6428,753930,h,False,False,True,False
6429,197421,v,False,False,False,True
6430,672881,v,False,False,False,True
6431,320302,h,False,False,True,False
6432,384462,v,False,False,False,True
6433,93595,d,True,False,False,False
6434,245189,d,True,False,False,False
6435,204699,d,True,False,False,False
6436,664444,v,False,False,False,True
6437,752709,d2,False,True,False,False
6438,639837,d,True,False,False,False
6439,780826,v,False,False,False,True
6440,646554,h,False,False,True,False
6441,216865,h,False,False,True,False
6442,671302,v,False,False,False,True
6443,58901,d2,False,True,False,False
6444,355353,d,True,False,False,False
6445,591772,d,True,False,False,False
6446,53106,v,False,False,False,True
6447,794199,d,True,False,False,False
6448,769019,d2,False,True,False,False
6449,812052,d2,False,True,False,False
6450,355442,v,False,False,False,True
6451,227315,d,True,False,False,False
6452,11887,v,False,False,False,True
6453,174422,d2,False,True,False,False
6454,899206,h,False,False,True,False
6455,984766,v,False,False,False,True
6456,319393,d,True,False,False,False
6457,852991,h,False,False,True,False
6458,433554,h,False,False,True,False
6459,906097,d2,False,True,False,False
6460,60278,v,False,False,False,True
6461,823050,d,True,False,False,False
6462,487843,v,False,False,False,True
6463,268448,d,True,False,False,False
6464,231881,h,False,False,True,False
6465,757289,h,False,False,True,False
6466,278726,h,False,False,True,False
6467,167089,h,False,False,True,False
6468,964369,v,False,False,False,True
6469,624650,d2,False,True,False,False
6470,586072,d2,False,True,False,False
6471,910175,v,False,False,False,True
6472,949153,d,True,False,False,False
6473,665442,v,False,False,False,True
6474,325273,v,False,False,False,True
6475,923827,h,False,False,True,False
6476,546694,v,False,False,False,True
6477,570153,h,False,False,True,False
6478,818572,d2,False,True,False,False
6479,129987,d2,False,True,False,False
6480,919932,d,True,False,False,False
6481,88605,v,False,False,False,True
6482,943026,v,False,False,False,True
6483,479648,h,False,False,True,False
6484,934468,v,False,False,False,True
6485,901964,h,False,False,True,False
6486,472451,h,False,False,True,False
6487,943913,d2,False,True,False,False
6488,721124,h,False,False,True,False
6489,106165,h,False,False,True,False
6490,34923,d2,False,True,False,False
6491,246706,h,False,False,True,False
6492,289594,v,False,False,False,True
6493,807188,d2,False,True,False,False
6494,189163,h,False,False,True,False
6495,256111,h,False,False,True,False
6496,845258,v,False,False,False,True
6497,684609,v,False,False,False,True
6498,687640,d2,False,True,False,False
6499,344840,h,False,False,True,False
6500,668748,d,True,False,False,False
6501,57335,v,False,False,False,True
6502,813479,v,False,False,False,True
6503,605484,v,False,False,False,True
6504,278447,d,True,False,False,False
6505,92555,d2,False,True,False,False
6506,119413,d,True,False,False,False
6507,148886,h,False,False,True,False
6508,786223,h,False,False,True,False
6509,898681,d2,False,True,False,False
6510,507053,h,False,False,True,False
6511,19171,d,True,False,False,False
6512,75986,d2,False,True,False,False
6513,82133,h,False,False,True,False
6514,750994,d,True,False,False,False
6515,944791,v,False,False,False,True
6516,794527,h,False,False,True,False
6517,387731,d2,False,True,False,False
6518,406916,d2,False,True,False,False
6519,144266,v,False,False,False,True
6520,30766,d2,False,True,False,False
6521,58920,h,False,False,True,False
6522,179675,d2,False,True,False,False
6523,202666,d,True,False,False,False
6524,761179,h,False,False,True,False
6525,266501,h,False,False,True,False
6526,436321,d,True,False,False,False
6527,777009,v,False,False,False,True
6528,88302,v,False,False,False,True
6529,584168,v,False,False,False,True
6530,816472,d2,False,True,False,False
6531,807917,h,False,False,True,False
6532,487554,h,False,False,True,False
6533,149257,d2,False,True,False,False
6534,836690,v,False,False,False,True
6535,246914,h,False,False,True,False
6536,434769,h,False,False,True,False
6537,621818,d,True,False,False,False
6538,195597,d,True,False,False,False
6539,489580,d2,False,True,False,False
6540,521996,h,False,False,True,False
6541,115043,d2,False,True,False,False
6542,720456,h,False,False,True,False
6543,455858,d,True,False,False,False
6544,837210,d,True,False,False,False
6545,818914,h,False,False,True,False
6546,685093,h,False,False,True,False
6547,287228,d2,False,True,False,False
6548,196641,d2,False,True,False,False
6549,956697,h,False,False,True,False
6550,815346,v,False,False,False,True
6551,254333,d2,False,True,False,False
6552,625072,d2,False,True,False,False
6553,731812,d,True,False,False,False
6554,78196,h,False,False,True,False
6555,222377,v,False,False,False,True
6556,17098,d,True,False,False,False
6557,781377,d,True,False,False,False
6558,47778,h,False,False,True,False
6559,704399,h,False,False,True,False
6560,189357,d,True,False,False,False
6561,168125,d2,False,True,False,False
6562,704282,h,False,False,True,False
6563,15353,v,False,False,False,True
6564,490930,d2,False,True,False,False
6565,455878,d,True,False,False,False
6566,977616,d,True,False,False,False
6567,280257,v,False,False,False,True
6568,868197,d2,False,True,False,False
6569,247018,d,True,False,False,False
6570,212232,v,False,False,False,True
6571,938102,d,True,False,False,False
6572,60861,d2,False,True,False,False
6573,670333,v,False,False,False,True
6574,254516,d,True,False,False,False
6575,960259,h,False,False,True,False
6576,275164,h,False,False,True,False
6577,911110,d2,False,True,False,False
6578,458426,h,False,False,True,False
6579,972262,h,False,False,True,False
6580,125208,v,False,False,False,True
6581,826165,v,False,False,False,True
6582,264603,v,False,False,False,True
6583,799370,d,True,False,False,False
6584,894567,v,False,False,False,True
6585,804938,h,False,False,True,False
6586,820936,d,True,False,False,False
6587,826496,v,False,False,False,True
6588,45309,h,False,False,True,False
6589,732857,v,False,False,False,True
6590,515381,d,True,False,False,False
6591,364780,h,False,False,True,False
6592,728726,v,False,False,False,True
6593,261927,v,False,False,False,True
6594,867704,d2,False,True,False,False
6595,6227,v,False,False,False,True
6596,145992,d2,False,True,False,False
6597,635113,h,False,False,True,False
6598,457149,d2,False,True,False,False
6599,745945,d,True,False,False,False
6600,917850,v,False,False,False,True
6601,821509,v,False,False,False,True
6602,421253,d2,False,True,False,False
6603,932238,d2,False,True,False,False
6604,28184,d2,False,True,False,False
6605,832893,d,True,False,False,False
6606,671079,d,True,False,False,False
6607,468430,v,False,False,False,True
6608,256406,v,False,False,False,True
6609,249650,d,True,False,False,False
6610,952882,v,False,False,False,True
6611,924876,d2,False,True,False,False
6612,287998,v,False,False,False,True
6613,646921,d2,False,True,False,False
6614,494776,v,False,False,False,True
6615,111734,d2,False,True,False,False
6616,491582,v,False,False,False,True
6617,645972,v,False,False,False,True
6618,983146,v,False,False,False,True
6619,563103,v,False,False,False,True
6620,857407,d,True,False,False,False
6621,843301,v,False,False,False,True
6622,821940,d2,False,True,False,False
6623,907880,d,True,False,False,False
6624,739599,h,False,False,True,False
6625,877870,h,False,False,True,False
6626,455108,v,False,False,False,True
6627,72212,d2,False,True,False,False
6628,288071,d,True,False,False,False
6629,49157,v,False,False,False,True
6630,374194,v,False,False,False,True
6631,74876,d,True,False,False,False
6632,805454,d,True,False,False,False
6633,923378,d2,False,True,False,False
6634,713466,h,False,False,True,False
6635,129278,v,False,False,False,True
6636,669248,d,True,False,False,False
6637,642586,h,False,False,True,False
6638,820098,h,False,False,True,False
6639,266733,h,False,False,True,False
6640,156625,d2,False,True,False,False
6641,541054,h,False,False,True,False
6642,743144,d2,False,True,False,False
6643,457470,d,True,False,False,False
6644,959520,d2,False,True,False,False
6645,669243,d,True,False,False,False
6646,744985,h,False,False,True,False
6647,409473,h,False,False,True,False
6648,408313,v,False,False,False,True
6649,907640,v,False,False,False,True
6650,245300,d,True,False,False,False
6651,419625,d,True,False,False,False
6652,643918,v,False,False,False,True
6653,374945,d,True,False,False,False
6654,356360,h,False,False,True,False
6655,97799,v,False,False,False,True
6656,626239,d2,False,True,False,False
6657,982341,d,True,False,False,False
6658,695441,v,False,False,False,True
6659,938649,v,False,False,False,True
6660,495420,d,True,False,False,False
6661,285937,h,False,False,True,False
6662,754867,d2,False,True,False,False
6663,376014,h,False,False,True,False
6664,192349,v,False,False,False,True
6665,405107,d,True,False,False,False
6666,710364,d2,False,True,False,False
6667,714491,v,False,False,False,True
6668,541821,d2,False,True,False,False
6669,965118,h,False,False,True,False
6670,75073,v,False,False,False,True
6671,1044,d,True,False,False,False
6672,120649,h,False,False,True,False
6673,175503,d,True,False,False,False
6674,458863,v,False,False,False,True
6675,932536,h,False,False,True,False
6676,197038,d,True,False,False,False
6677,712797,h,False,False,True,False
6678,11399,v,False,False,False,True
6679,40320,h,False,False,True,False
6680,26361,v,False,False,False,True
6681,533299,v,False,False,False,True
6682,740797,d,True,False,False,False
6683,850318,d,True,False,False,False
6684,623581,v,False,False,False,True
6685,541072,d,True,False,False,False
6686,855463,h,False,False,True,False
6687,702709,v,False,False,False,True
6688,767156,h,False,False,True,False
6689,752278,h,False,False,True,False
6690,283484,v,False,False,False,True
6691,26599,d,True,False,False,False
6692,17819,d,True,False,False,False
6693,193388,d2,False,True,False,False
6694,468211,v,False,False,False,True
6695,94176,h,False,False,True,False
6696,86610,d2,False,True,False,False
6697,260033,d,True,False,False,False
6698,521190,h,False,False,True,False
6699,581615,h,False,False,True,False
6700,962605,d,True,False,False,False
6701,690870,d2,False,True,False,False
6702,154291,d2,False,True,False,False
6703,711093,d2,False,True,False,False
6704,648888,v,False,False,False,True
6705,475304,v,False,False,False,True
6706,172659,d2,False,True,False,False
6707,271251,d2,False,True,False,False
6708,274624,h,False,False,True,False
6709,541390,h,False,False,True,False
6710,297116,h,False,False,True,False
6711,868106,h,False,False,True,False
6712,493438,d2,False,True,False,False
6713,782319,d,True,False,False,False
6714,828644,d2,False,True,False,False
6715,820260,v,False,False,False,True
6716,865377,h,False,False,True,False
6717,412140,d,True,False,False,False
6718,720719,h,False,False,True,False
6719,365488,h,False,False,True,False
6720,834861,v,False,False,False,True
6721,664447,d,True,False,False,False
6722,670294,d,True,False,False,False
6723,481042,v,False,False,False,True
6724,101242,v,False,False,False,True
6725,463333,v,False,False,False,True
6726,559783,d,True,False,False,False
6727,152163,d2,False,True,False,False
6728,644664,v,False,False,False,True
6729,56302,h,False,False,True,False
6730,521754,d,True,False,False,False
6731,289297,d2,False,True,False,False
6732,485810,d,True,False,False,False
6733,628671,v,False,False,False,True
6734,251534,v,False,False,False,True
6735,532493,d2,False,True,False,False
6736,385763,v,False,False,False,True
6737,883463,h,False,False,True,False
6738,986363,d2,False,True,False,False
6739,556196,d2,False,True,False,False
6740,77933,h,False,False,True,False
6741,461086,v,False,False,False,True
6742,517048,h,False,False,True,False
6743,709022,d2,False,True,False,False
6744,60410,d2,False,True,False,False
6745,257398,h,False,False,True,False
6746,467252,h,False,False,True,False
6747,78375,d2,False,True,False,False
6748,919422,d2,False,True,False,False
6749,912289,v,False,False,False,True
6750,735776,d,True,False,False,False
6751,824391,d,True,False,False,False
6752,894287,v,False,False,False,True
6753,231673,d,True,False,False,False
6754,348785,d,True,False,False,False
6755,811416,h,False,False,True,False
6756,976523,d2,False,True,False,False
6757,660698,h,False,False,True,False
6758,684190,h,False,False,True,False
6759,55434,v,False,False,False,True
6760,155226,d,True,False,False,False
6761,11062,d2,False,True,False,False
6762,535811,v,False,False,False,True
6763,604503,v,False,False,False,True
6764,517821,d2,False,True,False,False
6765,763794,d2,False,True,False,False
6766,723144,h,False,False,True,False
6767,132825,d2,False,True,False,False
6768,220151,d,True,False,False,False
6769,230919,d,True,False,False,False
6770,805468,d2,False,True,False,False
6771,429185,h,False,False,True,False
6772,479596,d2,False,True,False,False
6773,788419,v,False,False,False,True
6774,765578,d2,False,True,False,False
6775,559147,v,False,False,False,True
6776,129249,h,False,False,True,False
6777,896443,d,True,False,False,False
6778,883318,h,False,False,True,False
6779,446374,d,True,False,False,False
6780,813133,d2,False,True,False,False
6781,20456,d2,False,True,False,False
6782,672572,d,True,False,False,False
6783,740823,h,False,False,True,False
6784,243372,d2,False,True,False,False
6785,954264,h,False,False,True,False
6786,766164,v,False,False,False,True
6787,460131,d,True,False,False,False
6788,87334,v,False,False,False,True
6789,526357,v,False,False,False,True
6790,838894,v,False,False,False,True
6791,794329,h,False,False,True,False
6792,879725,v,False,False,False,True
6793,691893,d2,False,True,False,False
6794,797646,d2,False,True,False,False
6795,291534,d,True,False,False,False
6796,899897,d,True,False,False,False
6797,727468,h,False,False,True,False
6798,955118,d2,False,True,False,False
6799,825859,h,False,False,True,False
6800,455572,h,False,False,True,False
6801,593665,v,False,False,False,True
6802,329068,d2,False,True,False,False
6803,483905,d2,False,True,False,False
6804,965433,d2,False,True,False,False
6805,468259,d2,False,True,False,False
6806,444546,v,False,False,False,True
6807,988496,v,False,False,False,True
6808,494658,d,True,False,False,False
6809,459208,d2,False,True,False,False
6810,775583,d2,False,True,False,False
6811,31041,h,False,False,True,False
6812,653964,d2,False,True,False,False
6813,180862,v,False,False,False,True
6814,848646,d,True,False,False,False
6815,156431,d2,False,True,False,False
6816,20896,d2,False,True,False,False
6817,822124,d2,False,True,False,False
6818,715099,d,True,False,False,False
6819,933334,d2,False,True,False,False
6820,616076,d2,False,True,False,False
6821,576129,d,True,False,False,False
6822,170514,h,False,False,True,False
6823,306615,d2,False,True,False,False
6824,169577,d,True,False,False,False
6825,99122,v,False,False,False,True
6826,651710,h,False,False,True,False
6827,263381,h,False,False,True,False
6828,868018,h,False,False,True,False
6829,218548,d,True,False,False,False
6830,423766,d,True,False,False,False
6831,458295,d,True,False,False,False
6832,713367,h,False,False,True,False
6833,723921,d,True,False,False,False
6834,633278,h,False,False,True,False
6835,673446,d,True,False,False,False
6836,774296,d2,False,True,False,False
6837,690486,d2,False,True,False,False
6838,423031,d2,False,True,False,False
6839,10376,d2,False,True,False,False
6840,146229,d2,False,True,False,False
6841,529804,h,False,False,True,False
6842,244557,h,False,False,True,False
6843,786237,v,False,False,False,True
6844,497131,h,False,False,True,False
6845,937269,d2,False,True,False,False
6846,395420,h,False,False,True,False
6847,839335,h,False,False,True,False
6848,296682,d2,False,True,False,False
6849,686889,v,False,False,False,True
6850,392253,v,False,False,False,True
6851,232142,d,True,False,False,False
6852,148204,d2,False,True,False,False
6853,866587,d,True,False,False,False
6854,275664,d2,False,True,False,False
6855,29614,d,True,False,False,False
6856,682883,h,False,False,True,False
6857,827543,v,False,False,False,True
6858,627806,h,False,False,True,False
6859,80370,d2,False,True,False,False
6860,422856,v,False,False,False,True
6861,514505,d2,False,True,False,False
6862,142181,d2,False,True,False,False
6863,88811,h,False,False,True,False
6864,395884,d,True,False,False,False
6865,887393,d2,False,True,False,False
6866,532801,v,False,False,False,True
6867,463686,d2,False,True,False,False
6868,550879,v,False,False,False,True
6869,942027,d,True,False,False,False
6870,718005,d,True,False,False,False
6871,904661,d2,False,True,False,False
6872,694636,d2,False,True,False,False
6873,598757,v,False,False,False,True
6874,430023,d2,False,True,False,False
6875,435104,d2,False,True,False,False
6876,882764,d2,False,True,False,False
6877,255195,d,True,False,False,False
6878,166402,d,True,False,False,False
6879,22789,d2,False,True,False,False
6880,598920,h,False,False,True,False
6881,651665,v,False,False,False,True
6882,216974,v,False,False,False,True
6883,462280,d,True,False,False,False
6884,912457,v,False,False,False,True
6885,472872,d,True,False,False,False
6886,373319,d2,False,True,False,False
6887,971108,h,False,False,True,False
6888,124267,d,True,False,False,False
6889,659629,d,True,False,False,False
6890,553264,d,True,False,False,False
6891,662827,d2,False,True,False,False
6892,469172,v,False,False,False,True
6893,565188,d,True,False,False,False
6894,203629,d2,False,True,False,False
6895,672209,d2,False,True,False,False
6896,604258,h,False,False,True,False
6897,428909,h,False,False,True,False
6898,513939,v,False,False,False,True
6899,635783,v,False,False,False,True
6900,997341,h,False,False,True,False
6901,147971,h,False,False,True,False
6902,472647,d2,False,True,False,False
6903,150450,d,True,False,False,False
6904,652889,h,False,False,True,False
6905,958149,v,False,False,False,True
6906,574102,h,False,False,True,False
6907,750068,d2,False,True,False,False
6908,511779,d,True,False,False,False
6909,797758,v,False,False,False,True
6910,320830,h,False,False,True,False
6911,935607,h,False,False,True,False
6912,31798,v,False,False,False,True
6913,664781,h,False,False,True,False
6914,211703,v,False,False,False,True
6915,666013,d2,False,True,False,False
6916,228290,d,True,False,False,False
6917,29513,h,False,False,True,False
6918,867101,v,False,False,False,True
6919,764346,v,False,False,False,True
6920,119026,v,False,False,False,True
6921,925337,v,False,False,False,True
6922,59350,d,True,False,False,False
6923,902210,h,False,False,True,False
6924,340039,v,False,False,False,True
6925,297085,d,True,False,False,False
6926,636477,d,True,False,False,False
6927,968746,v,False,False,False,True
6928,317212,d2,False,True,False,False
6929,448315,v,False,False,False,True
6930,144218,v,False,False,False,True
6931,125080,v,False,False,False,True
6932,420746,d2,False,True,False,False
6933,849533,h,False,False,True,False
6934,432739,h,False,False,True,False
6935,868396,h,False,False,True,False
6936,987672,d2,False,True,False,False
6937,66487,d2,False,True,False,False
6938,742847,d,True,False,False,False
6939,235287,d,True,False,False,False
6940,809680,d2,False,True,False,False
6941,858679,d2,False,True,False,False
6942,385694,h,False,False,True,False
6943,648081,v,False,False,False,True
6944,283601,h,False,False,True,False
6945,41263,v,False,False,False,True
6946,371193,d2,False,True,False,False
6947,353380,d,True,False,False,False
6948,860964,d,True,False,False,False
6949,638479,h,False,False,True,False
6950,371842,d,True,False,False,False
6951,491958,v,False,False,False,True
6952,551702,v,False,False,False,True
6953,644240,v,False,False,False,True
6954,169279,d,True,False,False,False
6955,660328,h,False,False,True,False
6956,334527,h,False,False,True,False
6957,780013,v,False,False,False,True
6958,432752,h,False,False,True,False
6959,131015,v,False,False,False,True
6960,789309,d2,False,True,False,False
6961,834659,d,True,False,False,False
6962,595445,d2,False,True,False,False
6963,957747,h,False,False,True,False
6964,237425,d2,False,True,False,False
6965,938487,d2,False,True,False,False
6966,473204,h,False,False,True,False
6967,756755,v,False,False,False,True
6968,304987,d2,False,True,False,False
6969,739313,v,False,False,False,True
6970,987130,v,False,False,False,True
6971,841074,d,True,False,False,False
6972,336857,v,False,False,False,True
6973,440831,d2,False,True,False,False
6974,650124,h,False,False,True,False
6975,726828,d2,False,True,False,False
6976,229171,d,True,False,False,False
6977,643622,v,False,False,False,True
6978,266381,d2,False,True,False,False
6979,55466,d2,False,True,False,False
6980,141302,v,False,False,False,True
6981,360274,h,False,False,True,False
6982,690972,d2,False,True,False,False
6983,530043,d,True,False,False,False
6984,474428,h,False,False,True,False
6985,232725,d,True,False,False,False
6986,434410,d2,False,True,False,False
6987,398943,d,True,False,False,False
6988,535225,d,True,False,False,False
6989,487982,d2,False,True,False,False
6990,558921,d2,False,True,False,False
6991,676746,v,False,False,False,True
6992,750409,d2,False,True,False,False
6993,277707,v,False,False,False,True
6994,102714,v,False,False,False,True
6995,584741,v,False,False,False,True
6996,570935,d,True,False,False,False
6997,75321,d2,False,True,False,False
6998,736585,h,False,False,True,False
6999,79857,d,True,False,False,False
7000,170967,d,True,False,False,False
7001,203615,d,True,False,False,False
7002,396788,d,True,False,False,False
7003,428954,h,False,False,True,False
7004,39688,d,True,False,False,False
7005,50964,v,False,False,False,True
7006,304846,d,True,False,False,False
7007,962517,d2,False,True,False,False
7008,390139,h,False,False,True,False
7009,87433,h,False,False,True,False
7010,265408,d,True,False,False,False
7011,960754,d2,False,True,False,False
7012,9161,d2,False,True,False,False
7013,42580,v,False,False,False,True
7014,432295,d2,False,True,False,False
7015,562165,d,True,False,False,False
7016,256739,d2,False,True,False,False
7017,670706,d2,False,True,False,False
7018,989788,h,False,False,True,False
7019,561641,d,True,False,False,False
7020,948849,d,True,False,False,False
7021,64949,d2,False,True,False,False
7022,599054,h,False,False,True,False
7023,26344,v,False,False,False,True
7024,725435,d,True,False,False,False
7025,430946,v,False,False,False,True
7026,644983,d,True,False,False,False
7027,252096,d,True,False,False,False
7028,496071,d2,False,True,False,False
7029,959069,d2,False,True,False,False
7030,433933,h,False,False,True,False
7031,747526,v,False,False,False,True
7032,175995,d2,False,True,False,False
7033,594325,d2,False,True,False,False
7034,51808,d,True,False,False,False
7035,390394,d2,False,True,False,False
7036,721581,h,False,False,True,False
7037,570693,d,True,False,False,False
7038,332306,v,False,False,False,True
7039,422757,v,False,False,False,True
7040,809418,v,False,False,False,True
7041,519521,v,False,False,False,True
7042,108459,d2,False,True,False,False
7043,614375,h,False,False,True,False
7044,828445,d,True,False,False,False
7045,552516,d,True,False,False,False
7046,891505,d,True,False,False,False
7047,606796,h,False,False,True,False
7048,669717,d,True,False,False,False
7049,497402,v,False,False,False,True
7050,70748,h,False,False,True,False
7051,758683,d,True,False,False,False
7052,984404,v,False,False,False,True
7053,420632,h,False,False,True,False
7054,493073,d,True,False,False,False
7055,977446,d2,False,True,False,False
7056,988321,v,False,False,False,True
7057,360118,h,False,False,True,False
7058,503393,d2,False,True,False,False
7059,355689,d2,False,True,False,False
7060,309696,d,True,False,False,False
7061,202130,h,False,False,True,False
7062,976154,h,False,False,True,False
7063,46381,v,False,False,False,True
7064,194395,v,False,False,False,True
7065,911281,d2,False,True,False,False
7066,371681,v,False,False,False,True
7067,614447,h,False,False,True,False
7068,620731,d2,False,True,False,False
7069,476721,h,False,False,True,False
7070,423831,v,False,False,False,True
7071,302608,d,True,False,False,False
7072,478027,d2,False,True,False,False
7073,709917,v,False,False,False,True
7074,756726,h,False,False,True,False
7075,162879,v,False,False,False,True
7076,214493,d,True,False,False,False
7077,399016,h,False,False,True,False
7078,151273,d,True,False,False,False
7079,345026,d,True,False,False,False
7080,406118,d,True,False,False,False
7081,497511,d,True,False,False,False
7082,364890,v,False,False,False,True
7083,934766,d,True,False,False,False
7084,360470,v,False,False,False,True
7085,926660,v,False,False,False,True
7086,313556,v,False,False,False,True
7087,999120,d2,False,True,False,False
7088,655074,h,False,False,True,False
7089,355495,d2,False,True,False,False
7090,492825,d,True,False,False,False
7091,936334,d2,False,True,False,False
7092,381426,d2,False,True,False,False
7093,370399,d,True,False,False,False
7094,64650,h,False,False,True,False
7095,761746,v,False,False,False,True
7096,23473,v,False,False,False,True
7097,582943,v,False,False,False,True
7098,484791,v,False,False,False,True
7099,203193,d2,False,True,False,False
7100,555054,h,False,False,True,False
7101,984522,v,False,False,False,True
7102,715909,d,True,False,False,False
7103,381514,d,True,False,False,False
7104,587979,h,False,False,True,False
7105,34064,v,False,False,False,True
7106,933488,h,False,False,True,False
7107,116304,v,False,False,False,True
7108,25395,h,False,False,True,False
7109,346169,d2,False,True,False,False
7110,307500,d,True,False,False,False
7111,632762,d2,False,True,False,False
7112,687875,d,True,False,False,False
7113,416793,v,False,False,False,True
7114,720293,h,False,False,True,False
7115,231930,v,False,False,False,True
7116,618979,d,True,False,False,False
7117,620351,d2,False,True,False,False
7118,279016,d2,False,True,False,False
7119,662518,d2,False,True,False,False
7120,594005,d,True,False,False,False
7121,77803,d,True,False,False,False
7122,591597,h,False,False,True,False
7123,718706,d2,False,True,False,False
7124,213601,v,False,False,False,True
7125,558833,v,False,False,False,True
7126,241511,d2,False,True,False,False
7127,566671,d2,False,True,False,False
7128,852456,d2,False,True,False,False
7129,605513,d2,False,True,False,False
7130,256475,h,False,False,True,False
7131,841913,d,True,False,False,False
7132,272213,h,False,False,True,False
7133,458756,d2,False,True,False,False
7134,899506,v,False,False,False,True
7135,418075,v,False,False,False,True
7136,536935,h,False,False,True,False
7137,492904,v,False,False,False,True
7138,381978,d2,False,True,False,False
7139,395730,d,True,False,False,False
7140,813012,d2,False,True,False,False
7141,957156,d2,False,True,False,False
7142,490905,d2,False,True,False,False
7143,989625,d2,False,True,False,False
7144,298648,d,True,False,False,False
7145,840885,d2,False,True,False,False
7146,133334,d2,False,True,False,False
7147,462696,d,True,False,False,False
7148,116477,d2,False,True,False,False
7149,139173,d2,False,True,False,False
7150,539776,d,True,False,False,False
7151,252282,h,False,False,True,False
7152,485588,v,False,False,False,True
7153,179559,v,False,False,False,True
7154,348859,h,False,False,True,False
7155,717752,d,True,False,False,False
7156,50592,d2,False,True,False,False
7157,51992,d,True,False,False,False
7158,955349,h,False,False,True,False
7159,92921,d,True,False,False,False
7160,840219,d2,False,True,False,False
7161,570466,h,False,False,True,False
7162,165651,d2,False,True,False,False
7163,570710,v,False,False,False,True
7164,849473,d,True,False,False,False
7165,883224,d2,False,True,False,False
7166,713931,h,False,False,True,False
7167,88919,v,False,False,False,True
7168,570967,v,False,False,False,True
7169,725599,d2,False,True,False,False
7170,464968,v,False,False,False,True
7171,4751,d2,False,True,False,False
7172,95979,v,False,False,False,True
7173,897372,d2,False,True,False,False
7174,857480,h,False,False,True,False
7175,41456,v,False,False,False,True
7176,744056,h,False,False,True,False
7177,501981,d,True,False,False,False
7178,717061,v,False,False,False,True
7179,473249,d2,False,True,False,False
7180,177449,d,True,False,False,False
7181,37600,h,False,False,True,False
7182,973637,d,True,False,False,False
7183,454363,d,True,False,False,False
7184,392092,d,True,False,False,False
7185,59691,h,False,False,True,False
7186,747579,h,False,False,True,False
7187,502612,d,True,False,False,False
7188,332751,v,False,False,False,True
7189,551732,d,True,False,False,False
7190,400948,h,False,False,True,False
7191,539265,d,True,False,False,False
7192,366402,v,False,False,False,True
7193,120110,d,True,False,False,False
7194,969344,h,False,False,True,False
7195,555872,v,False,False,False,True
7196,280399,d,True,False,False,False
7197,861153,d,True,False,False,False
7198,374399,v,False,False,False,True
7199,615404,d,True,False,False,False
7200,760865,d2,False,True,False,False
7201,550621,h,False,False,True,False
7202,699528,v,False,False,False,True
7203,929455,d2,False,True,False,False
7204,503492,d,True,False,False,False
7205,113442,h,False,False,True,False
7206,17669,v,False,False,False,True
7207,943654,d2,False,True,False,False
7208,111394,d2,False,True,False,False
7209,392653,v,False,False,False,True
7210,49497,h,False,False,True,False
7211,938096,d2,False,True,False,False
7212,597728,h,False,False,True,False
7213,670442,h,False,False,True,False
7214,976017,d,True,False,False,False
7215,57785,h,False,False,True,False
7216,38288,h,False,False,True,False
7217,979588,h,False,False,True,False
7218,598687,d2,False,True,False,False
7219,794554,d2,False,True,False,False
7220,358876,d,True,False,False,False
7221,417018,d,True,False,False,False
7222,122853,v,False,False,False,True
7223,552534,d,True,False,False,False
7224,336883,h,False,False,True,False
7225,732071,d,True,False,False,False
7226,984645,d,True,False,False,False
7227,882373,v,False,False,False,True
7228,18819,v,False,False,False,True
7229,983538,d,True,False,False,False
7230,404497,d2,False,True,False,False
7231,597228,h,False,False,True,False
7232,996161,v,False,False,False,True
7233,699195,h,False,False,True,False
7234,388940,d,True,False,False,False
7235,994949,d2,False,True,False,False
7236,257460,h,False,False,True,False
7237,579944,h,False,False,True,False
7238,382309,d2,False,True,False,False
7239,568723,d,True,False,False,False
7240,711534,d,True,False,False,False
7241,477883,v,False,False,False,True
7242,775827,d,True,False,False,False
7243,798449,v,False,False,False,True
7244,629906,d,True,False,False,False
7245,838808,d2,False,True,False,False
7246,721517,v,False,False,False,True
7247,30657,v,False,False,False,True
7248,708902,d2,False,True,False,False
7249,266173,v,False,False,False,True
7250,540461,v,False,False,False,True
7251,829416,h,False,False,True,False
7252,40201,d2,False,True,False,False
7253,766316,d,True,False,False,False
7254,109904,d2,False,True,False,False
7255,620799,h,False,False,True,False
7256,298625,d2,False,True,False,False
7257,952407,d,True,False,False,False
7258,834643,h,False,False,True,False
7259,556354,d2,False,True,False,False
7260,280304,d,True,False,False,False
7261,550075,h,False,False,True,False
7262,984846,v,False,False,False,True
7263,248474,d,True,False,False,False
7264,797303,h,False,False,True,False
7265,61347,v,False,False,False,True
7266,292695,d,True,False,False,False
7267,974576,d2,False,True,False,False
7268,674922,h,False,False,True,False
7269,691212,d,True,False,False,False
7270,515329,d,True,False,False,False
7271,103604,d,True,False,False,False
7272,185276,d,True,False,False,False
7273,502802,d2,False,True,False,False
7274,350762,v,False,False,False,True
7275,98244,d,True,False,False,False
7276,773315,d2,False,True,False,False
7277,271393,h,False,False,True,False
7278,193924,v,False,False,False,True
7279,370384,d,True,False,False,False
7280,888405,d2,False,True,False,False
7281,938957,d,True,False,False,False
7282,14353,h,False,False,True,False
7283,968040,d2,False,True,False,False
7284,862451,v,False,False,False,True
7285,775035,v,False,False,False,True
7286,966089,v,False,False,False,True
7287,919346,h,False,False,True,False
7288,522194,d2,False,True,False,False
7289,598237,d,True,False,False,False
7290,235018,v,False,False,False,True
7291,44959,h,False,False,True,False
7292,649922,d2,False,True,False,False
7293,761908,h,False,False,True,False
7294,538497,d2,False,True,False,False
7295,28162,d2,False,True,False,False
7296,709986,d,True,False,False,False
7297,698416,h,False,False,True,False
7298,207352,v,False,False,False,True
7299,860109,d,True,False,False,False
7300,800828,d2,False,True,False,False
7301,497613,d,True,False,False,False
7302,661379,d,True,False,False,False
7303,651964,d,True,False,False,False
7304,731255,v,False,False,False,True
7305,756137,h,False,False,True,False
7306,147574,d,True,False,False,False
7307,894613,d,True,False,False,False
7308,505315,h,False,False,True,False
7309,819845,h,False,False,True,False
7310,133722,d2,False,True,False,False
7311,535728,v,False,False,False,True
7312,662595,d,True,False,False,False
7313,24411,d2,False,True,False,False
7314,156298,h,False,False,True,False
7315,420907,h,False,False,True,False
7316,219533,h,False,False,True,False
7317,399274,d,True,False,False,False
7318,211640,d,True,False,False,False
7319,308230,v,False,False,False,True
7320,402784,d,True,False,False,False
7321,394177,d,True,False,False,False
7322,831716,v,False,False,False,True
7323,568293,d2,False,True,False,False
7324,717812,h,False,False,True,False
7325,676719,d2,False,True,False,False
7326,501681,h,False,False,True,False
7327,986965,d2,False,True,False,False
7328,502630,d,True,False,False,False
7329,110437,d,True,False,False,False
7330,560106,d,True,False,False,False
7331,992938,d2,False,True,False,False
7332,812123,d2,False,True,False,False
7333,709980,d,True,False,False,False
7334,65077,d2,False,True,False,False
7335,647341,d2,False,True,False,False
7336,762989,d2,False,True,False,False
7337,125406,h,False,False,True,False
7338,912096,h,False,False,True,False
7339,734973,d,True,False,False,False
7340,702736,v,False,False,False,True
7341,811585,v,False,False,False,True
7342,659378,v,False,False,False,True
7343,937954,d,True,False,False,False
7344,109435,v,False,False,False,True
7345,902566,h,False,False,True,False
7346,682896,d,True,False,False,False
7347,463118,h,False,False,True,False
7348,726507,d,True,False,False,False
7349,306151,d2,False,True,False,False
7350,794761,v,False,False,False,True
7351,153847,h,False,False,True,False
7352,498061,d,True,False,False,False
7353,903620,d,True,False,False,False
7354,550149,d,True,False,False,False
7355,17420,d2,False,True,False,False
7356,381607,d2,False,True,False,False
7357,874390,h,False,False,True,False
7358,364359,d,True,False,False,False
7359,393305,d2,False,True,False,False
7360,33368,d2,False,True,False,False
7361,647937,d2,False,True,False,False
7362,129800,d,True,False,False,False
7363,491423,v,False,False,False,True
7364,750864,d2,False,True,False,False
7365,405678,d2,False,True,False,False
7366,205974,v,False,False,False,True
7367,222933,d,True,False,False,False
7368,353330,d2,False,True,False,False
7369,547655,d2,False,True,False,False
7370,737274,d2,False,True,False,False
7371,939505,d2,False,True,False,False
7372,109090,d,True,False,False,False
7373,546641,d2,False,True,False,False
7374,11575,v,False,False,False,True
7375,885237,v,False,False,False,True
7376,440294,h,False,False,True,False
7377,672264,d,True,False,False,False
7378,716605,v,False,False,False,True
7379,958234,d,True,False,False,False
7380,200167,d,True,False,False,False
7381,692237,v,False,False,False,True
7382,745196,d2,False,True,False,False
7383,370301,v,False,False,False,True
7384,928665,v,False,False,False,True
7385,941105,v,False,False,False,True
7386,365811,v,False,False,False,True
7387,315887,h,False,False,True,False
7388,123471,d,True,False,False,False
7389,499425,v,False,False,False,True
7390,817444,v,False,False,False,True
7391,233769,d2,False,True,False,False
7392,196516,d2,False,True,False,False
7393,876156,v,False,False,False,True
7394,30461,v,False,False,False,True
7395,844213,d,True,False,False,False
7396,917069,v,False,False,False,True
7397,443986,d2,False,True,False,False
7398,499882,d2,False,True,False,False
7399,630306,h,False,False,True,False
7400,981671,v,False,False,False,True
7401,137451,v,False,False,False,True
7402,486640,d2,False,True,False,False
7403,986623,d,True,False,False,False
7404,573134,h,False,False,True,False
7405,476274,d,True,False,False,False
7406,350813,d,True,False,False,False
7407,392576,d2,False,True,False,False
7408,641885,d2,False,True,False,False
7409,308266,d2,False,True,False,False
7410,881242,d2,False,True,False,False
7411,419396,d2,False,True,False,False
7412,931202,h,False,False,True,False
7413,484534,v,False,False,False,True
7414,956191,h,False,False,True,False
7415,55825,h,False,False,True,False
7416,819773,d2,False,True,False,False
7417,750488,d2,False,True,False,False
7418,483210,d2,False,True,False,False
7419,524335,d2,False,True,False,False
7420,499194,d,True,False,False,False
7421,50777,h,False,False,True,False
7422,820699,h,False,False,True,False
7423,991500,d2,False,True,False,False
7424,662977,d2,False,True,False,False
7425,552312,d,True,False,False,False
7426,380843,d2,False,True,False,False
7427,793404,d2,False,True,False,False
7428,491383,d,True,False,False,False
7429,938766,v,False,False,False,True
7430,307108,v,False,False,False,True
7431,583392,d2,False,True,False,False
7432,601795,d2,False,True,False,False
7433,917365,h,False,False,True,False
7434,488383,d,True,False,False,False
7435,407681,v,False,False,False,True
7436,446784,v,False,False,False,True
7437,230755,h,False,False,True,False
7438,132652,d,True,False,False,False
7439,847287,h,False,False,True,False
7440,416895,v,False,False,False,True
7441,967802,h,False,False,True,False
7442,995163,h,False,False,True,False
7443,258307,d,True,False,False,False
7444,549722,d,True,False,False,False
7445,41975,v,False,False,False,True
7446,105031,d2,False,True,False,False
7447,597781,d,True,False,False,False
7448,711061,d2,False,True,False,False
7449,870301,d,True,False,False,False
7450,670895,v,False,False,False,True
7451,606371,d2,False,True,False,False
7452,168656,d,True,False,False,False
7453,502025,v,False,False,False,True
7454,50762,d,True,False,False,False
7455,139787,v,False,False,False,True
7456,107044,h,False,False,True,False
7457,305956,h,False,False,True,False
7458,580096,d,True,False,False,False
7459,335046,d2,False,True,False,False
7460,646566,v,False,False,False,True
7461,292275,d2,False,True,False,False
7462,946365,d,True,False,False,False
7463,818628,d2,False,True,False,False
7464,723277,v,False,False,False,True
7465,446790,v,False,False,False,True
7466,220274,d,True,False,False,False
7467,720873,d,True,False,False,False
7468,446143,d2,False,True,False,False
7469,910366,v,False,False,False,True
7470,822486,d2,False,True,False,False
7471,606941,v,False,False,False,True
7472,398435,h,False,False,True,False
7473,507119,v,False,False,False,True
7474,909368,d2,False,True,False,False
7475,745953,v,False,False,False,True
7476,309458,d,True,False,False,False
7477,948277,v,False,False,False,True
7478,464418,d2,False,True,False,False
7479,748072,v,False,False,False,True
7480,413095,h,False,False,True,False
7481,589427,d2,False,True,False,False
7482,4799,v,False,False,False,True
7483,652185,d2,False,True,False,False
7484,512005,v,False,False,False,True
7485,135965,h,False,False,True,False
7486,281579,v,False,False,False,True
7487,73686,d,True,False,False,False
7488,967704,d2,False,True,False,False
7489,24043,d,True,False,False,False
7490,467625,d2,False,True,False,False
7491,999564,v,False,False,False,True
7492,386366,d2,False,True,False,False
7493,815996,v,False,False,False,True
7494,499432,h,False,False,True,False
7495,227322,d,True,False,False,False
7496,291187,d,True,False,False,False
7497,942405,d,True,False,False,False
7498,571163,v,False,False,False,True
7499,464119,d,True,False,False,False
7500,364329,v,False,False,False,True
7501,672763,d2,False,True,False,False
7502,506431,h,False,False,True,False
7503,617714,d,True,False,False,False
7504,728203,d2,False,True,False,False
7505,403583,h,False,False,True,False
7506,54682,h,False,False,True,False
7507,627284,h,False,False,True,False
7508,262346,h,False,False,True,False
7509,700161,h,False,False,True,False
7510,946292,d,True,False,False,False
7511,507308,d,True,False,False,False
7512,306597,d2,False,True,False,False
7513,371112,d2,False,True,False,False
7514,137307,h,False,False,True,False
7515,285698,h,False,False,True,False
7516,383390,h,False,False,True,False
7517,829171,h,False,False,True,False
7518,940970,d,True,False,False,False
7519,197409,d,True,False,False,False
7520,447508,d,True,False,False,False
7521,979947,d2,False,True,False,False
7522,234708,h,False,False,True,False
7523,532141,d2,False,True,False,False
7524,828662,d2,False,True,False,False
7525,250543,h,False,False,True,False
7526,433846,h,False,False,True,False
7527,373789,h,False,False,True,False
7528,893550,d2,False,True,False,False
7529,159726,d2,False,True,False,False
7530,716909,d,True,False,False,False
7531,64254,v,False,False,False,True
7532,808353,h,False,False,True,False
7533,682462,d2,False,True,False,False
7534,889873,d,True,False,False,False
7535,842715,v,False,False,False,True
7536,269480,d,True,False,False,False
7537,745414,v,False,False,False,True
7538,878539,d,True,False,False,False
7539,648719,v,False,False,False,True
7540,702230,d2,False,True,False,False
7541,954440,d2,False,True,False,False
7542,443383,d2,False,True,False,False
7543,628431,d,True,False,False,False
7544,939077,v,False,False,False,True
7545,297276,v,False,False,False,True
7546,145877,d,True,False,False,False
7547,24888,v,False,False,False,True
7548,816793,v,False,False,False,True
7549,93185,d,True,False,False,False
7550,730721,v,False,False,False,True
7551,114888,v,False,False,False,True
7552,942552,v,False,False,False,True
7553,766403,v,False,False,False,True
7554,479212,d,True,False,False,False
7555,439195,h,False,False,True,False
7556,172685,d2,False,True,False,False
7557,38361,d,True,False,False,False
7558,945011,v,False,False,False,True
7559,642803,d2,False,True,False,False
7560,164752,h,False,False,True,False
7561,777368,d,True,False,False,False
7562,604189,d2,False,True,False,False
7563,815112,h,False,False,True,False
7564,303757,d2,False,True,False,False
7565,44391,v,False,False,False,True
7566,338952,d,True,False,False,False
7567,316449,v,False,False,False,True
7568,408797,d2,False,True,False,False
7569,447567,h,False,False,True,False
7570,633801,v,False,False,False,True
7571,731305,h,False,False,True,False
7572,715632,v,False,False,False,True
7573,398843,d,True,False,False,False
7574,943436,h,False,False,True,False
7575,849772,h,False,False,True,False
7576,317257,d,True,False,False,False
7577,411419,d,True,False,False,False
7578,260850,v,False,False,False,True
7579,550110,d,True,False,False,False
7580,617797,h,False,False,True,False
7581,640757,d2,False,True,False,False
7582,239833,d,True,False,False,False
7583,280666,d2,False,True,False,False
7584,183264,d,True,False,False,False
7585,515611,h,False,False,True,False
7586,754713,v,False,False,False,True
7587,489442,d2,False,True,False,False
7588,618042,h,False,False,True,False
7589,87481,d2,False,True,False,False
7590,131745,d,True,False,False,False
7591,821958,v,False,False,False,True
7592,627884,d2,False,True,False,False
7593,145657,d,True,False,False,False
7594,190754,d2,False,True,False,False
7595,152495,d2,False,True,False,False
7596,575985,v,False,False,False,True
7597,677754,d2,False,True,False,False
7598,737768,v,False,False,False,True
7599,71607,d,True,False,False,False
7600,584677,d2,False,True,False,False
7601,722843,h,False,False,True,False
7602,520491,d,True,False,False,False
7603,165493,v,False,False,False,True
7604,213469,d,True,False,False,False
7605,639706,d,True,False,False,False
7606,620014,d2,False,True,False,False
7607,726988,d,True,False,False,False
7608,829688,d2,False,True,False,False
7609,671903,d2,False,True,False,False
7610,6105,d,True,False,False,False
7611,736536,d,True,False,False,False
7612,322013,d,True,False,False,False
7613,750539,v,False,False,False,True
7614,125885,v,False,False,False,True
7615,366194,v,False,False,False,True
7616,352790,v,False,False,False,True
7617,593964,v,False,False,False,True
7618,596861,d2,False,True,False,False
7619,446120,h,False,False,True,False
7620,646404,v,False,False,False,True
7621,944894,v,False,False,False,True
7622,591807,v,False,False,False,True
7623,904603,h,False,False,True,False
7624,235725,v,False,False,False,True
7625,531322,v,False,False,False,True
7626,491218,d,True,False,False,False
7627,980398,h,False,False,True,False
7628,806735,d,True,False,False,False
7629,374758,h,False,False,True,False
7630,457217,v,False,False,False,True
7631,404134,h,False,False,True,False
7632,517953,v,False,False,False,True
7633,856498,d,True,False,False,False
7634,909843,h,False,False,True,False
7635,463284,h,False,False,True,False
7636,170185,d,True,False,False,False
7637,53334,h,False,False,True,False
7638,456925,h,False,False,True,False
7639,452499,h,False,False,True,False
7640,78599,d,True,False,False,False
7641,192837,h,False,False,True,False
7642,634371,v,False,False,False,True
7643,410521,d2,False,True,False,False
7644,452215,d2,False,True,False,False
7645,525330,v,False,False,False,True
7646,272962,h,False,False,True,False
7647,26782,d,True,False,False,False
7648,38287,d2,False,True,False,False
7649,298970,d,True,False,False,False
7650,46000,h,False,False,True,False
7651,312166,v,False,False,False,True
7652,892648,d,True,False,False,False
7653,138545,d2,False,True,False,False
7654,532651,d2,False,True,False,False
7655,869713,d,True,False,False,False
7656,22379,d2,False,True,False,False
7657,331472,d,True,False,False,False
7658,588403,h,False,False,True,False
7659,455969,d2,False,True,False,False
7660,635765,h,False,False,True,False
7661,616983,d2,False,True,False,False
7662,742073,h,False,False,True,False
7663,509422,h,False,False,True,False
7664,876891,d2,False,True,False,False
7665,76090,d,True,False,False,False
7666,539399,v,False,False,False,True
7667,11715,d2,False,True,False,False
7668,615277,h,False,False,True,False
7669,232113,h,False,False,True,False
7670,89713,d,True,False,False,False
7671,243635,v,False,False,False,True
7672,58277,v,False,False,False,True
7673,62445,d2,False,True,False,False
7674,469176,d2,False,True,False,False
7675,522846,h,False,False,True,False
7676,258133,d,True,False,False,False
7677,850243,d2,False,True,False,False
7678,95013,v,False,False,False,True
7679,242583,h,False,False,True,False
7680,232360,h,False,False,True,False
7681,185880,h,False,False,True,False
7682,737752,d,True,False,False,False
7683,633751,d,True,False,False,False
7684,766929,h,False,False,True,False
7685,266043,d,True,False,False,False
7686,853552,h,False,False,True,False
7687,196522,d,True,False,False,False
7688,283400,h,False,False,True,False
7689,920279,v,False,False,False,True
7690,167911,d2,False,True,False,False
7691,871012,v,False,False,False,True
7692,363696,v,False,False,False,True
7693,190106,h,False,False,True,False
7694,415813,v,False,False,False,True
7695,619883,v,False,False,False,True
7696,221881,d,True,False,False,False
7697,844619,d2,False,True,False,False
7698,582363,h,False,False,True,False
7699,567863,v,False,False,False,True
7700,877579,h,False,False,True,False
7701,224265,d,True,False,False,False
7702,3473,d2,False,True,False,False
7703,410476,v,False,False,False,True
7704,957023,v,False,False,False,True
7705,19937,d2,False,True,False,False
7706,212491,d2,False,True,False,False
7707,802018,d,True,False,False,False
7708,752944,d,True,False,False,False
7709,703369,v,False,False,False,True
7710,555444,h,False,False,True,False
7711,972074,v,False,False,False,True
7712,658384,d2,False,True,False,False
7713,665468,v,False,False,False,True
7714,361753,d2,False,True,False,False
7715,134341,d2,False,True,False,False
7716,836038,h,False,False,True,False
7717,70687,v,False,False,False,True
7718,684650,d2,False,True,False,False
7719,482281,v,False,False,False,True
7720,961913,d2,False,True,False,False
7721,460578,v,False,False,False,True
7722,121924,d,True,False,False,False
7723,280477,d2,False,True,False,False
7724,639445,v,False,False,False,True
7725,26967,h,False,False,True,False
7726,132730,v,False,False,False,True
7727,995781,h,False,False,True,False
7728,775315,d,True,False,False,False
7729,271883,d2,False,True,False,False
7730,128864,v,False,False,False,True
7731,660565,d2,False,True,False,False
7732,471358,v,False,False,False,True
7733,720274,h,False,False,True,False
7734,703960,d2,False,True,False,False
7735,532461,v,False,False,False,True
7736,444999,d2,False,True,False,False
7737,447663,d2,False,True,False,False
7738,954671,d,True,False,False,False
7739,935801,d,True,False,False,False
7740,572404,h,False,False,True,False
7741,431623,v,False,False,False,True
7742,239069,d,True,False,False,False
7743,721807,d,True,False,False,False
7744,252364,h,False,False,True,False
7745,806689,h,False,False,True,False
7746,651370,v,False,False,False,True
7747,8976,d2,False,True,False,False
7748,939167,v,False,False,False,True
7749,435286,d,True,False,False,False
7750,963149,d2,False,True,False,False
7751,263162,h,False,False,True,False
7752,898221,v,False,False,False,True
7753,500710,d,True,False,False,False
7754,946507,h,False,False,True,False
7755,665831,d,True,False,False,False
7756,710737,d,True,False,False,False
7757,553350,d2,False,True,False,False
7758,309364,h,False,False,True,False
7759,302379,v,False,False,False,True
7760,265549,d,True,False,False,False
7761,52832,v,False,False,False,True
7762,563506,d2,False,True,False,False
7763,843507,d2,False,True,False,False
7764,820077,h,False,False,True,False
7765,946387,d2,False,True,False,False
7766,765820,v,False,False,False,True
7767,567179,v,False,False,False,True
7768,710860,h,False,False,True,False
7769,736601,d2,False,True,False,False
7770,916940,d2,False,True,False,False
7771,406786,v,False,False,False,True
7772,70341,d2,False,True,False,False
7773,83255,h,False,False,True,False
7774,650956,d,True,False,False,False
7775,915339,h,False,False,True,False
7776,95514,h,False,False,True,False
7777,354090,h,False,False,True,False
7778,58242,h,False,False,True,False
7779,381527,v,False,False,False,True
7780,96240,d2,False,True,False,False
7781,300941,d,True,False,False,False
7782,604746,d,True,False,False,False
7783,58177,d2,False,True,False,False
7784,24040,d2,False,True,False,False
7785,677507,d,True,False,False,False
7786,65728,d2,False,True,False,False
7787,33227,d2,False,True,False,False
7788,923154,v,False,False,False,True
7789,534397,h,False,False,True,False
7790,418871,d2,False,True,False,False
7791,570895,v,False,False,False,True
7792,278044,d,True,False,False,False
7793,831558,v,False,False,False,True
7794,866056,d2,False,True,False,False
7795,352783,h,False,False,True,False
7796,760443,d2,False,True,False,False
7797,413935,d2,False,True,False,False
7798,48057,d2,False,True,False,False
7799,104445,v,False,False,False,True
7800,521232,d,True,False,False,False
7801,42125,v,False,False,False,True
7802,88782,v,False,False,False,True
7803,446021,h,False,False,True,False
7804,600309,h,False,False,True,False
7805,891844,d2,False,True,False,False
7806,691663,d,True,False,False,False
7807,121698,d2,False,True,False,False
7808,903769,d2,False,True,False,False
7809,330910,h,False,False,True,False
7810,280456,d2,False,True,False,False
7811,774866,d,True,False,False,False
7812,337352,d,True,False,False,False
7813,504703,v,False,False,False,True
7814,650840,v,False,False,False,True
7815,436955,h,False,False,True,False
7816,480721,v,False,False,False,True
7817,489455,d,True,False,False,False
7818,614992,h,False,False,True,False
7819,652358,h,False,False,True,False
7820,47576,v,False,False,False,True
7821,830477,d,True,False,False,False
7822,438742,d,True,False,False,False
7823,637064,d2,False,True,False,False
7824,277959,h,False,False,True,False
7825,895460,d,True,False,False,False
7826,808025,v,False,False,False,True
7827,869688,h,False,False,True,False
7828,582075,d2,False,True,False,False
7829,756226,d,True,False,False,False
7830,894457,d2,False,True,False,False
7831,580773,d2,False,True,False,False
7832,968339,h,False,False,True,False
7833,810144,d2,False,True,False,False
7834,210160,d,True,False,False,False
7835,460906,d2,False,True,False,False
7836,208052,d,True,False,False,False
7837,579557,d2,False,True,False,False
7838,425307,h,False,False,True,False
7839,492922,d2,False,True,False,False
7840,361911,d,True,False,False,False
7841,550061,v,False,False,False,True
7842,354537,d,True,False,False,False
7843,495381,h,False,False,True,False
7844,13008,v,False,False,False,True
7845,545671,d2,False,True,False,False
7846,270327,h,False,False,True,False
7847,138169,d2,False,True,False,False
7848,389566,v,False,False,False,True
7849,871901,v,False,False,False,True
7850,127143,d2,False,True,False,False
7851,294956,d2,False,True,False,False
7852,370506,d2,False,True,False,False
7853,901181,d2,False,True,False,False
7854,585852,d,True,False,False,False
7855,780184,d,True,False,False,False
7856,87695,v,False,False,False,True
7857,391170,v,False,False,False,True
7858,873251,d,True,False,False,False
7859,99090,h,False,False,True,False
7860,782651,d,True,False,False,False
7861,874470,v,False,False,False,True
7862,915502,d,True,False,False,False
7863,219977,d,True,False,False,False
7864,266571,d2,False,True,False,False
7865,203549,d,True,False,False,False
7866,44034,d2,False,True,False,False
7867,814238,d2,False,True,False,False
7868,153378,h,False,False,True,False
7869,454466,v,False,False,False,True
7870,266176,d,True,False,False,False
7871,668796,d2,False,True,False,False
7872,341981,h,False,False,True,False
7873,969067,d,True,False,False,False
7874,516187,h,False,False,True,False
7875,856246,h,False,False,True,False
7876,250770,d2,False,True,False,False
7877,579315,d,True,False,False,False
7878,616190,v,False,False,False,True
7879,543975,d,True,False,False,False
7880,768661,v,False,False,False,True
7881,522534,h,False,False,True,False
7882,403905,d2,False,True,False,False
7883,294422,d,True,False,False,False
7884,110754,d,True,False,False,False
7885,145932,d,True,False,False,False
7886,74927,v,False,False,False,True
7887,989634,v,False,False,False,True
7888,430929,d,True,False,False,False
7889,991274,d2,False,True,False,False
7890,960480,d2,False,True,False,False
7891,626086,v,False,False,False,True
7892,718402,d,True,False,False,False
7893,273164,d2,False,True,False,False
7894,27283,h,False,False,True,False
7895,505881,h,False,False,True,False
7896,474684,h,False,False,True,False
7897,910917,d2,False,True,False,False
7898,48063,d2,False,True,False,False
7899,907299,h,False,False,True,False
7900,4235,v,False,False,False,True
7901,219021,v,False,False,False,True
7902,581179,v,False,False,False,True
7903,138834,v,False,False,False,True
7904,44134,d,True,False,False,False
7905,604606,d,True,False,False,False
7906,571142,v,False,False,False,True
7907,196590,d,True,False,False,False
7908,171107,d,True,False,False,False
7909,838601,v,False,False,False,True
7910,488421,d,True,False,False,False
7911,210861,v,False,False,False,True
7912,951375,d,True,False,False,False
7913,136751,d,True,False,False,False
7914,200287,v,False,False,False,True
7915,850652,h,False,False,True,False
7916,513775,h,False,False,True,False
7917,281682,v,False,False,False,True
7918,312235,d,True,False,False,False
7919,485261,h,False,False,True,False
7920,6583,d,True,False,False,False
7921,931803,h,False,False,True,False
7922,124129,v,False,False,False,True
7923,197233,d,True,False,False,False
7924,759592,v,False,False,False,True
7925,517250,d,True,False,False,False
7926,279821,d,True,False,False,False
7927,873710,v,False,False,False,True
7928,894061,d,True,False,False,False
7929,889238,v,False,False,False,True
7930,594428,d2,False,True,False,False
7931,495952,d,True,False,False,False
7932,20708,d2,False,True,False,False
7933,835387,d,True,False,False,False
7934,971274,d,True,False,False,False
7935,397102,v,False,False,False,True
7936,822214,d2,False,True,False,False
7937,878930,d,True,False,False,False
7938,135342,d,True,False,False,False
7939,895228,d2,False,True,False,False
7940,317307,d,True,False,False,False
7941,492891,h,False,False,True,False
7942,202894,d2,False,True,False,False
7943,152830,h,False,False,True,False
7944,321081,h,False,False,True,False
7945,193099,h,False,False,True,False
7946,783765,v,False,False,False,True
7947,591594,d2,False,True,False,False
7948,613100,h,False,False,True,False
7949,752937,h,False,False,True,False
7950,463709,d,True,False,False,False
7951,419428,h,False,False,True,False
7952,38493,d,True,False,False,False
7953,599263,h,False,False,True,False
7954,168747,v,False,False,False,True
7955,636045,v,False,False,False,True
7956,486834,h,False,False,True,False
7957,40133,h,False,False,True,False
7958,123666,h,False,False,True,False
7959,666440,d2,False,True,False,False
7960,864682,d2,False,True,False,False
7961,859366,d,True,False,False,False
7962,321585,d,True,False,False,False
7963,835097,d2,False,True,False,False
7964,225778,d,True,False,False,False
7965,931254,d2,False,True,False,False
7966,522174,d2,False,True,False,False
7967,902174,d,True,False,False,False
7968,420441,h,False,False,True,False
7969,83429,d2,False,True,False,False
7970,823832,h,False,False,True,False
7971,263412,d,True,False,False,False
7972,368045,d,True,False,False,False
7973,965512,v,False,False,False,True
7974,255011,d,True,False,False,False
7975,406510,v,False,False,False,True
7976,237562,h,False,False,True,False
7977,41880,d2,False,True,False,False
7978,376367,d2,False,True,False,False
7979,897457,d,True,False,False,False
7980,865796,v,False,False,False,True
7981,398212,h,False,False,True,False
7982,726605,d,True,False,False,False
7983,37573,v,False,False,False,True
7984,363463,d,True,False,False,False
7985,233437,d,True,False,False,False
7986,777517,d2,False,True,False,False
7987,36795,h,False,False,True,False
7988,157760,d2,False,True,False,False
7989,198876,d,True,False,False,False
7990,525532,d2,False,True,False,False
7991,448340,v,False,False,False,True
7992,396041,v,False,False,False,True
7993,78812,d,True,False,False,False
7994,532611,d2,False,True,False,False
7995,105818,d2,False,True,False,False
7996,386564,d,True,False,False,False
7997,361418,d,True,False,False,False
7998,450813,d,True,False,False,False
7999,310616,d2,False,True,False,False
8000,532044,h,False,False,True,False
8001,988263,d2,False,True,False,False
8002,856769,d2,False,True,False,False
8003,546685,d,True,False,False,False
8004,346182,d2,False,True,False,False
8005,737058,d,True,False,False,False
8006,287373,d2,False,True,False,False
8007,445529,d2,False,True,False,False
8008,436444,d2,False,True,False,False
8009,489370,d2,False,True,False,False
8010,624460,d,True,False,False,False
8011,295871,h,False,False,True,False
8012,863129,h,False,False,True,False
8013,112782,d2,False,True,False,False
8014,278776,d2,False,True,False,False
8015,143405,d,True,False,False,False
8016,73362,h,False,False,True,False
8017,756794,h,False,False,True,False
8018,377511,h,False,False,True,False
8019,55753,v,False,False,False,True
8020,142932,d,True,False,False,False
8021,513060,v,False,False,False,True
8022,163594,h,False,False,True,False
8023,892256,h,False,False,True,False
8024,457099,v,False,False,False,True
8025,718356,d,True,False,False,False
8026,433223,d2,False,True,False,False
8027,960854,d2,False,True,False,False
8028,621839,v,False,False,False,True
8029,886552,d,True,False,False,False
8030,2365,d,True,False,False,False
8031,955215,h,False,False,True,False
8032,232707,d2,False,True,False,False
8033,571934,v,False,False,False,True
8034,318459,v,False,False,False,True
8035,625494,v,False,False,False,True
8036,60674,d2,False,True,False,False
8037,420700,d2,False,True,False,False
8038,596509,d2,False,True,False,False
8039,115869,v,False,False,False,True
8040,493255,d2,False,True,False,False
8041,479718,v,False,False,False,True
8042,480488,d2,False,True,False,False
8043,353362,h,False,False,True,False
8044,240488,d,True,False,False,False
8045,898722,h,False,False,True,False
8046,298529,d2,False,True,False,False
8047,133919,d,True,False,False,False
8048,695532,d,True,False,False,False
8049,49595,d2,False,True,False,False
8050,407202,v,False,False,False,True
8051,461054,v,False,False,False,True
8052,787763,v,False,False,False,True
8053,842322,d2,False,True,False,False
8054,722544,d2,False,True,False,False
8055,521699,d,True,False,False,False
8056,616407,h,False,False,True,False
8057,385850,d2,False,True,False,False
8058,499859,h,False,False,True,False
8059,251570,h,False,False,True,False
8060,930018,h,False,False,True,False
8061,169159,v,False,False,False,True
8062,779492,d2,False,True,False,False
8063,644335,h,False,False,True,False
8064,902644,h,False,False,True,False
8065,161980,v,False,False,False,True
8066,283787,d,True,False,False,False
8067,492009,h,False,False,True,False
8068,312019,v,False,False,False,True
8069,206205,h,False,False,True,False
8070,453530,d,True,False,False,False
8071,22030,d,True,False,False,False
8072,510445,h,False,False,True,False
8073,459804,d2,False,True,False,False
8074,595983,v,False,False,False,True
8075,677090,v,False,False,False,True
8076,276527,d2,False,True,False,False
8077,216629,d2,False,True,False,False
8078,618740,v,False,False,False,True
8079,925732,d,True,False,False,False
8080,103207,d2,False,True,False,False
8081,677238,d2,False,True,False,False
8082,750929,d2,False,True,False,False
8083,866222,h,False,False,True,False
8084,34021,d,True,False,False,False
8085,36240,d,True,False,False,False
8086,929847,h,False,False,True,False
8087,868073,d,True,False,False,False
8088,196681,v,False,False,False,True
8089,976798,d2,False,True,False,False
8090,192945,d2,False,True,False,False
8091,253512,h,False,False,True,False
8092,558907,d,True,False,False,False
8093,874570,d2,False,True,False,False
8094,653565,d2,False,True,False,False
8095,78978,d,True,False,False,False
8096,479514,d2,False,True,False,False
8097,574028,h,False,False,True,False
8098,271505,h,False,False,True,False
8099,695982,v,False,False,False,True
8100,248958,v,False,False,False,True
8101,402504,d,True,False,False,False
8102,600686,h,False,False,True,False
8103,740988,h,False,False,True,False
8104,464691,d2,False,True,False,False
8105,883277,h,False,False,True,False
8106,590745,d2,False,True,False,False
8107,504790,d2,False,True,False,False
8108,463113,v,False,False,False,True
8109,487527,d2,False,True,False,False
8110,480592,d2,False,True,False,False
8111,767286,d,True,False,False,False
8112,277845,h,False,False,True,False
8113,608510,d,True,False,False,False
8114,322110,h,False,False,True,False
8115,590375,d2,False,True,False,False
8116,961083,d,True,False,False,False
8117,371375,h,False,False,True,False
8118,220104,d2,False,True,False,False
8119,654130,v,False,False,False,True
8120,884385,v,False,False,False,True
8121,663838,h,False,False,True,False
8122,901299,v,False,False,False,True
8123,823051,h,False,False,True,False
8124,570287,h,False,False,True,False
8125,764347,d2,False,True,False,False
8126,257795,h,False,False,True,False
8127,133910,d2,False,True,False,False
8128,351051,d2,False,True,False,False
8129,454670,d2,False,True,False,False
8130,285344,d,True,False,False,False
8131,697065,h,False,False,True,False
8132,912471,d2,False,True,False,False
8133,465129,d2,False,True,False,False
8134,488028,h,False,False,True,False
8135,291077,v,False,False,False,True
8136,948642,d2,False,True,False,False
8137,358739,v,False,False,False,True
8138,686809,d,True,False,False,False
8139,757268,h,False,False,True,False
8140,844372,d,True,False,False,False
8141,353535,h,False,False,True,False
8142,588138,d2,False,True,False,False
8143,463602,h,False,False,True,False
8144,20850,h,False,False,True,False
8145,802489,d2,False,True,False,False
8146,314178,h,False,False,True,False
8147,50728,d2,False,True,False,False
8148,627706,d2,False,True,False,False
8149,252139,v,False,False,False,True
8150,932034,v,False,False,False,True
8151,654250,h,False,False,True,False
8152,408111,d2,False,True,False,False
8153,608392,d,True,False,False,False
8154,80675,v,False,False,False,True
8155,453437,d,True,False,False,False
8156,38652,d,True,False,False,False
8157,394423,v,False,False,False,True
8158,125865,d,True,False,False,False
8159,348136,d2,False,True,False,False
8160,721483,h,False,False,True,False
8161,507524,d,True,False,False,False
8162,308479,h,False,False,True,False
8163,264680,h,False,False,True,False
8164,990806,d,True,False,False,False
8165,975706,d,True,False,False,False
8166,828371,v,False,False,False,True
8167,617302,d,True,False,False,False
8168,878825,h,False,False,True,False
8169,624677,v,False,False,False,True
8170,615618,v,False,False,False,True
8171,449408,d2,False,True,False,False
8172,803790,h,False,False,True,False
8173,189702,v,False,False,False,True
8174,793719,d2,False,True,False,False
8175,928139,h,False,False,True,False
8176,18160,d,True,False,False,False
8177,744203,d,True,False,False,False
8178,774663,d2,False,True,False,False
8179,618556,h,False,False,True,False
8180,115695,d,True,False,False,False
8181,585476,d,True,False,False,False
8182,675708,d2,False,True,False,False
8183,203151,v,False,False,False,True
8184,560368,h,False,False,True,False
8185,175999,h,False,False,True,False
8186,396608,d2,False,True,False,False
8187,559675,h,False,False,True,False
8188,5978,d,True,False,False,False
8189,392030,v,False,False,False,True
8190,236573,d2,False,True,False,False
8191,519635,d2,False,True,False,False
8192,113721,d2,False,True,False,False
8193,707182,d,True,False,False,False
8194,401389,v,False,False,False,True
8195,414353,d,True,False,False,False
8196,585024,d2,False,True,False,False
8197,12485,v,False,False,False,True
8198,822574,h,False,False,True,False
8199,296181,v,False,False,False,True
8200,564220,v,False,False,False,True
8201,823301,h,False,False,True,False
8202,132624,v,False,False,False,True
8203,624319,h,False,False,True,False
8204,52837,d,True,False,False,False
8205,669678,d2,False,True,False,False
8206,503093,d,True,False,False,False
8207,399127,h,False,False,True,False
8208,95277,d,True,False,False,False
8209,371632,h,False,False,True,False
8210,304581,d,True,False,False,False
8211,217662,d,True,False,False,False
8212,710574,d2,False,True,False,False
8213,725104,v,False,False,False,True
8214,614915,h,False,False,True,False
8215,695105,v,False,False,False,True
8216,895273,h,False,False,True,False
8217,669971,d2,False,True,False,False
8218,827877,d,True,False,False,False
8219,668053,d2,False,True,False,False
8220,714965,h,False,False,True,False
8221,820894,h,False,False,True,False
8222,891321,d,True,False,False,False
8223,536611,v,False,False,False,True
8224,957532,d,True,False,False,False
8225,860746,d,True,False,False,False
8226,87051,d,True,False,False,False
8227,213127,d,True,False,False,False
8228,110122,v,False,False,False,True
8229,328314,d,True,False,False,False
8230,193586,d2,False,True,False,False
8231,760981,d,True,False,False,False
8232,215847,d,True,False,False,False
8233,251196,d2,False,True,False,False
8234,356263,v,False,False,False,True
8235,445381,d2,False,True,False,False
8236,41346,h,False,False,True,False
8237,971170,d,True,False,False,False
8238,285933,v,False,False,False,True
8239,391406,d2,False,True,False,False
8240,127699,h,False,False,True,False
8241,117888,v,False,False,False,True
8242,140728,d,True,False,False,False
8243,480154,d2,False,True,False,False
8244,526841,d2,False,True,False,False
8245,390825,d2,False,True,False,False
8246,236877,d,True,False,False,False
8247,113603,d2,False,True,False,False
8248,806955,d,True,False,False,False
8249,325622,v,False,False,False,True
8250,632142,d,True,False,False,False
8251,395591,h,False,False,True,False
8252,928864,v,False,False,False,True
8253,269087,d2,False,True,False,False
8254,105748,d,True,False,False,False
8255,958215,d,True,False,False,False
8256,722193,d,True,False,False,False
8257,661816,h,False,False,True,False
8258,277972,v,False,False,False,True
8259,857077,d2,False,True,False,False
8260,290115,d2,False,True,False,False
8261,65920,d2,False,True,False,False
8262,20959,d2,False,True,False,False
8263,418950,h,False,False,True,False
8264,504283,d,True,False,False,False
8265,627438,v,False,False,False,True
8266,593094,h,False,False,True,False
8267,205020,v,False,False,False,True
8268,649929,h,False,False,True,False
8269,200547,d,True,False,False,False
8270,151690,d,True,False,False,False
8271,227784,h,False,False,True,False
8272,834787,d,True,False,False,False
8273,632295,d,True,False,False,False
8274,211218,d2,False,True,False,False
8275,47669,v,False,False,False,True
8276,863629,d2,False,True,False,False
8277,602189,h,False,False,True,False
8278,678182,d2,False,True,False,False
8279,909927,d2,False,True,False,False
8280,655818,d,True,False,False,False
8281,298293,h,False,False,True,False
8282,346378,h,False,False,True,False
8283,50044,v,False,False,False,True
8284,889219,d2,False,True,False,False
8285,981358,v,False,False,False,True
8286,74228,h,False,False,True,False
8287,890989,d2,False,True,False,False
8288,11633,v,False,False,False,True
8289,515265,v,False,False,False,True
8290,595056,d2,False,True,False,False
8291,705947,h,False,False,True,False
8292,758510,h,False,False,True,False
8293,567792,v,False,False,False,True
8294,931753,h,False,False,True,False
8295,58715,d2,False,True,False,False
8296,595654,v,False,False,False,True
8297,914245,h,False,False,True,False
8298,898981,h,False,False,True,False
8299,526576,d2,False,True,False,False
8300,919031,d,True,False,False,False
8301,289360,d2,False,True,False,False
8302,323759,d,True,False,False,False
8303,402998,d2,False,True,False,False
8304,481887,d2,False,True,False,False
8305,809830,v,False,False,False,True
8306,205089,d,True,False,False,False
8307,89948,d2,False,True,False,False
8308,984143,h,False,False,True,False
8309,189701,d2,False,True,False,False
8310,729058,d2,False,True,False,False
8311,160406,d2,False,True,False,False
8312,832005,h,False,False,True,False
8313,31437,h,False,False,True,False
8314,988793,v,False,False,False,True
8315,907078,d2,False,True,False,False
8316,733238,d2,False,True,False,False
8317,560039,d2,False,True,False,False
8318,452063,d,True,False,False,False
8319,614539,d,True,False,False,False
8320,949587,d,True,False,False,False
8321,275935,v,False,False,False,True
8322,244943,d2,False,True,False,False
8323,583543,d2,False,True,False,False
8324,741584,d,True,False,False,False
8325,622940,d2,False,True,False,False
8326,105158,d,True,False,False,False
8327,808572,h,False,False,True,False
8328,915482,v,False,False,False,True
8329,456175,v,False,False,False,True
8330,593444,d,True,False,False,False
8331,508928,d,True,False,False,False
8332,476091,d,True,False,False,False
8333,616417,d2,False,True,False,False
8334,660373,h,False,False,True,False
8335,128033,d,True,False,False,False
8336,684936,d,True,False,False,False
8337,150074,d,True,False,False,False
8338,329129,d2,False,True,False,False
8339,28085,d2,False,True,False,False
8340,428096,d2,False,True,False,False
8341,322402,d2,False,True,False,False
8342,827558,v,False,False,False,True
8343,928901,v,False,False,False,True
8344,396613,h,False,False,True,False
8345,313120,h,False,False,True,False
8346,771107,v,False,False,False,True
8347,368172,d,True,False,False,False
8348,992787,d,True,False,False,False
8349,608047,h,False,False,True,False
8350,646108,v,False,False,False,True
8351,499445,d,True,False,False,False
8352,929964,v,False,False,False,True
8353,298643,v,False,False,False,True
8354,813381,h,False,False,True,False
8355,923737,v,False,False,False,True
8356,364796,d2,False,True,False,False
8357,221317,v,False,False,False,True
8358,608893,v,False,False,False,True
8359,564128,d2,False,True,False,False
8360,5889,v,False,False,False,True
8361,672320,v,False,False,False,True
8362,584621,v,False,False,False,True
8363,275308,h,False,False,True,False
8364,599074,d,True,False,False,False
8365,903738,d2,False,True,False,False
8366,219238,d,True,False,False,False
8367,857582,h,False,False,True,False
8368,344238,h,False,False,True,False
8369,442256,d,True,False,False,False
8370,65820,d,True,False,False,False
8371,139352,v,False,False,False,True
8372,634573,d,True,False,False,False
8373,210577,d,True,False,False,False
8374,752766,d2,False,True,False,False
8375,836149,d,True,False,False,False
8376,478091,d2,False,True,False,False
8377,324007,d,True,False,False,False
8378,420582,d,True,False,False,False
8379,825539,v,False,False,False,True
8380,677594,v,False,False,False,True
8381,672180,h,False,False,True,False
8382,971545,h,False,False,True,False
8383,553888,d,True,False,False,False
8384,152893,d2,False,True,False,False
8385,565485,d,True,False,False,False
8386,562340,d2,False,True,False,False
8387,297002,d,True,False,False,False
8388,355029,h,False,False,True,False
8389,368731,v,False,False,False,True
8390,740765,d2,False,True,False,False
8391,455265,h,False,False,True,False
8392,756995,h,False,False,True,False
8393,998723,d2,False,True,False,False
8394,792706,d2,False,True,False,False
8395,349253,v,False,False,False,True
8396,986048,h,False,False,True,False
8397,127016,v,False,False,False,True
8398,79747,d2,False,True,False,False
8399,254408,v,False,False,False,True
8400,796615,v,False,False,False,True
8401,458429,h,False,False,True,False
8402,914389,v,False,False,False,True
8403,194127,d2,False,True,False,False
8404,495841,d,True,False,False,False
8405,59026,v,False,False,False,True
8406,997656,d,True,False,False,False
8407,28584,h,False,False,True,False
8408,552287,d2,False,True,False,False
8409,296478,h,False,False,True,False
8410,923732,v,False,False,False,True
8411,254106,h,False,False,True,False
8412,826698,h,False,False,True,False
8413,275099,v,False,False,False,True
8414,597850,d,True,False,False,False
8415,858305,d,True,False,False,False
8416,517764,h,False,False,True,False
8417,320767,v,False,False,False,True
8418,174562,d2,False,True,False,False
8419,625512,v,False,False,False,True
8420,987072,d,True,False,False,False
8421,589654,h,False,False,True,False
8422,689733,v,False,False,False,True
8423,813247,d2,False,True,False,False
8424,13731,v,False,False,False,True
8425,817335,d,True,False,False,False
8426,210704,v,False,False,False,True
8427,397388,d,True,False,False,False
8428,142956,d,True,False,False,False
8429,24903,h,False,False,True,False
8430,203326,h,False,False,True,False
8431,384911,v,False,False,False,True
8432,40619,d,True,False,False,False
8433,760397,h,False,False,True,False
8434,784783,d2,False,True,False,False
8435,587270,v,False,False,False,True
8436,848216,h,False,False,True,False
8437,334962,v,False,False,False,True
8438,173950,v,False,False,False,True
8439,350046,d2,False,True,False,False
8440,148365,h,False,False,True,False
8441,346221,h,False,False,True,False
8442,114791,v,False,False,False,True
8443,584455,v,False,False,False,True
8444,57788,d,True,False,False,False
8445,512753,h,False,False,True,False
8446,947133,d2,False,True,False,False
8447,127958,h,False,False,True,False
8448,296845,d,True,False,False,False
8449,49987,v,False,False,False,True
8450,284447,v,False,False,False,True
8451,830460,v,False,False,False,True
8452,418764,v,False,False,False,True
8453,309878,v,False,False,False,True
8454,678514,v,False,False,False,True
8455,366991,v,False,False,False,True
8456,555536,d2,False,True,False,False
8457,99351,h,False,False,True,False
8458,98395,h,False,False,True,False
8459,912405,d,True,False,False,False
8460,786228,v,False,False,False,True
8461,810042,h,False,False,True,False
8462,590821,d,True,False,False,False
8463,220416,v,False,False,False,True
8464,102213,v,False,False,False,True
8465,361133,v,False,False,False,True
8466,959703,d,True,False,False,False
8467,647261,d2,False,True,False,False
8468,102405,d2,False,True,False,False
8469,232204,v,False,False,False,True
8470,215109,h,False,False,True,False
8471,418463,v,False,False,False,True
8472,60272,v,False,False,False,True
8473,173321,d,True,False,False,False
8474,819301,h,False,False,True,False
8475,509419,v,False,False,False,True
8476,10934,d2,False,True,False,False
8477,209673,d,True,False,False,False
8478,186175,v,False,False,False,True
8479,376936,d,True,False,False,False
8480,480754,v,False,False,False,True
8481,375434,d2,False,True,False,False
8482,952803,d,True,False,False,False
8483,822084,h,False,False,True,False
8484,27859,d2,False,True,False,False
8485,731101,h,False,False,True,False
8486,770400,d2,False,True,False,False
8487,883251,h,False,False,True,False
8488,523869,v,False,False,False,True
8489,734948,v,False,False,False,True
8490,268829,h,False,False,True,False
8491,432347,d2,False,True,False,False
8492,917677,v,False,False,False,True
8493,622220,d,True,False,False,False
8494,199228,d,True,False,False,False
8495,224727,d2,False,True,False,False
8496,464424,d2,False,True,False,False
8497,321817,d2,False,True,False,False
8498,524933,h,False,False,True,False
8499,207369,h,False,False,True,False
8500,381640,v,False,False,False,True
8501,622098,d2,False,True,False,False
8502,574871,d2,False,True,False,False
8503,428638,v,False,False,False,True
8504,841545,d,True,False,False,False
8505,489942,d2,False,True,False,False
8506,791665,d2,False,True,False,False
8507,10987,d2,False,True,False,False
8508,450407,v,False,False,False,True
8509,222961,v,False,False,False,True
8510,266783,h,False,False,True,False
8511,654735,v,False,False,False,True
8512,953211,d2,False,True,False,False
8513,565653,h,False,False,True,False
8514,836322,h,False,False,True,False
8515,829966,d,True,False,False,False
8516,477317,d,True,False,False,False
8517,751969,v,False,False,False,True
8518,134465,d,True,False,False,False
8519,530148,h,False,False,True,False
8520,363203,v,False,False,False,True
8521,840538,h,False,False,True,False
8522,293459,h,False,False,True,False
8523,149218,d,True,False,False,False
8524,510753,d2,False,True,False,False
8525,944010,d,True,False,False,False
8526,201621,d,True,False,False,False
8527,948184,v,False,False,False,True
8528,560451,h,False,False,True,False
8529,823056,d2,False,True,False,False
8530,432381,d,True,False,False,False
8531,374280,d2,False,True,False,False
8532,342794,v,False,False,False,True
8533,955783,h,False,False,True,False
8534,947013,v,False,False,False,True
8535,711639,h,False,False,True,False
8536,735220,v,False,False,False,True
8537,705426,d,True,False,False,False
8538,381184,d,True,False,False,False
8539,763203,v,False,False,False,True
8540,925150,h,False,False,True,False
8541,228943,d,True,False,False,False
8542,642438,h,False,False,True,False
8543,729323,v,False,False,False,True
8544,630211,h,False,False,True,False
8545,938719,h,False,False,True,False
8546,62972,d,True,False,False,False
8547,325761,h,False,False,True,False
8548,548541,h,False,False,True,False
8549,851163,v,False,False,False,True
8550,999646,d2,False,True,False,False
8551,947594,v,False,False,False,True
8552,825050,h,False,False,True,False
8553,141415,h,False,False,True,False
8554,516998,v,False,False,False,True
8555,544067,d,True,False,False,False
8556,572475,d2,False,True,False,False
8557,443376,h,False,False,True,False
8558,597557,d2,False,True,False,False
8559,666514,d2,False,True,False,False
8560,579275,d2,False,True,False,False
8561,396152,v,False,False,False,True
8562,130312,d,True,False,False,False
8563,61175,d,True,False,False,False
8564,882414,h,False,False,True,False
8565,511959,d2,False,True,False,False
8566,474132,v,False,False,False,True
8567,176219,h,False,False,True,False
8568,45542,d,True,False,False,False
8569,783275,v,False,False,False,True
8570,137087,d,True,False,False,False
8571,298113,h,False,False,True,False
8572,23128,d2,False,True,False,False
8573,753983,h,False,False,True,False
8574,866167,d2,False,True,False,False
8575,804993,v,False,False,False,True
8576,684159,d2,False,True,False,False
8577,147420,v,False,False,False,True
8578,122698,d2,False,True,False,False
8579,463948,d,True,False,False,False
8580,860966,v,False,False,False,True
8581,322548,d,True,False,False,False
8582,282265,v,False,False,False,True
8583,521631,v,False,False,False,True
8584,438786,v,False,False,False,True
8585,559043,d,True,False,False,False
8586,147549,d,True,False,False,False
8587,187165,v,False,False,False,True
8588,612201,h,False,False,True,False
8589,634168,d2,False,True,False,False
8590,618530,v,False,False,False,True
8591,668531,v,False,False,False,True
8592,44344,d,True,False,False,False
8593,442037,v,False,False,False,True
8594,176051,v,False,False,False,True
8595,911474,h,False,False,True,False
8596,843981,h,False,False,True,False
8597,801004,d2,False,True,False,False
8598,93685,h,False,False,True,False
8599,437672,d2,False,True,False,False
8600,667312,d,True,False,False,False
8601,807518,h,False,False,True,False
8602,506796,v,False,False,False,True
8603,118806,d2,False,True,False,False
8604,732822,h,False,False,True,False
8605,480052,v,False,False,False,True
8606,906816,h,False,False,True,False
8607,136437,h,False,False,True,False
8608,191796,h,False,False,True,False
8609,885162,v,False,False,False,True
8610,527816,d,True,False,False,False
8611,11841,v,False,False,False,True
8612,852698,v,False,False,False,True
8613,420052,h,False,False,True,False
8614,290855,v,False,False,False,True
8615,82288,d,True,False,False,False
8616,652553,h,False,False,True,False
8617,908426,v,False,False,False,True
8618,130691,h,False,False,True,False
8619,60815,d,True,False,False,False
8620,101723,v,False,False,False,True
8621,301110,d2,False,True,False,False
8622,374458,v,False,False,False,True
8623,283556,v,False,False,False,True
8624,104946,v,False,False,False,True
8625,289616,d,True,False,False,False
8626,575083,d,True,False,False,False
8627,892819,h,False,False,True,False
8628,200551,h,False,False,True,False
8629,664055,d2,False,True,False,False
8630,172256,d,True,False,False,False
8631,136098,h,False,False,True,False
8632,160065,d,True,False,False,False
8633,395380,h,False,False,True,False
8634,171134,v,False,False,False,True
8635,392559,d,True,False,False,False
8636,59019,v,False,False,False,True
8637,174434,d2,False,True,False,False
8638,807151,d,True,False,False,False
8639,927668,d2,False,True,False,False
8640,449705,d2,False,True,False,False
8641,742792,v,False,False,False,True
8642,934950,v,False,False,False,True
8643,657934,v,False,False,False,True
8644,825653,v,False,False,False,True
8645,526601,h,False,False,True,False
8646,715309,v,False,False,False,True
8647,62730,d,True,False,False,False
8648,358862,h,False,False,True,False
8649,320361,d2,False,True,False,False
8650,175655,d2,False,True,False,False
8651,104486,d2,False,True,False,False
8652,386907,v,False,False,False,True
8653,151586,d2,False,True,False,False
8654,728621,v,False,False,False,True
8655,626416,h,False,False,True,False
8656,918911,v,False,False,False,True
8657,66406,d,True,False,False,False
8658,296283,d2,False,True,False,False
8659,334624,v,False,False,False,True
8660,569688,h,False,False,True,False
8661,871073,d,True,False,False,False
8662,303666,v,False,False,False,True
8663,92316,v,False,False,False,True
8664,910991,v,False,False,False,True
8665,673665,d,True,False,False,False
8666,578437,v,False,False,False,True
8667,507840,h,False,False,True,False
8668,287399,d,True,False,False,False
8669,91712,d2,False,True,False,False
8670,258405,d,True,False,False,False
8671,584558,d2,False,True,False,False
8672,27344,v,False,False,False,True
8673,185464,d2,False,True,False,False
8674,432522,d2,False,True,False,False
8675,283579,v,False,False,False,True
8676,861507,h,False,False,True,False
8677,566376,d2,False,True,False,False
8678,833245,d2,False,True,False,False
8679,780152,d2,False,True,False,False
8680,538717,h,False,False,True,False
8681,61341,h,False,False,True,False
8682,569413,d2,False,True,False,False
8683,69054,d2,False,True,False,False
8684,160304,d2,False,True,False,False
8685,368942,h,False,False,True,False
8686,648033,v,False,False,False,True
8687,101855,d,True,False,False,False
8688,363237,v,False,False,False,True
8689,142075,d2,False,True,False,False
8690,595201,v,False,False,False,True
8691,540884,v,False,False,False,True
8692,423600,h,False,False,True,False
8693,923703,h,False,False,True,False
8694,127465,h,False,False,True,False
8695,428566,d2,False,True,False,False
8696,111162,d2,False,True,False,False
8697,926184,d,True,False,False,False
8698,589886,h,False,False,True,False
8699,498739,v,False,False,False,True
8700,638791,h,False,False,True,False
8701,964651,v,False,False,False,True
8702,242279,d2,False,True,False,False
8703,711973,v,False,False,False,True
8704,912100,d2,False,True,False,False
8705,954375,h,False,False,True,False
8706,811177,h,False,False,True,False
8707,376905,v,False,False,False,True
8708,360129,h,False,False,True,False
8709,705803,d2,False,True,False,False
8710,656554,d2,False,True,False,False
8711,309287,d2,False,True,False,False
8712,686903,v,False,False,False,True
8713,233624,d2,False,True,False,False
8714,366101,d,True,False,False,False
8715,732506,d2,False,True,False,False
8716,979847,d2,False,True,False,False
8717,921944,d,True,False,False,False
8718,662037,h,False,False,True,False
8719,548889,h,False,False,True,False
8720,83791,v,False,False,False,True
8721,599142,d2,False,True,False,False
8722,921340,h,False,False,True,False
8723,213519,d,True,False,False,False
8724,403434,h,False,False,True,False
8725,616618,d2,False,True,False,False
8726,308157,d,True,False,False,False
8727,284160,v,False,False,False,True
8728,148577,d2,False,True,False,False
8729,224404,v,False,False,False,True
8730,526485,h,False,False,True,False
8731,264730,h,False,False,True,False
8732,101812,v,False,False,False,True
8733,885632,d,True,False,False,False
8734,698849,h,False,False,True,False
8735,240186,d,True,False,False,False
8736,983060,v,False,False,False,True
8737,86447,v,False,False,False,True
8738,505990,d2,False,True,False,False
8739,898139,h,False,False,True,False
8740,148785,d2,False,True,False,False
8741,907987,h,False,False,True,False
8742,995916,v,False,False,False,True
8743,185325,d2,False,True,False,False
8744,745955,d,True,False,False,False
8745,412952,d,True,False,False,False
8746,127534,d2,False,True,False,False
8747,750697,h,False,False,True,False
8748,532043,d2,False,True,False,False
8749,34592,d2,False,True,False,False
8750,237433,d2,False,True,False,False
8751,92177,d2,False,True,False,False
8752,450925,h,False,False,True,False
8753,768526,d2,False,True,False,False
8754,925613,d,True,False,False,False
8755,561108,d,True,False,False,False
8756,619364,d,True,False,False,False
8757,346061,v,False,False,False,True
8758,359273,d,True,False,False,False
8759,330126,v,False,False,False,True
8760,315851,d2,False,True,False,False
8761,980785,d2,False,True,False,False
8762,509603,v,False,False,False,True
8763,376637,d2,False,True,False,False
8764,218709,v,False,False,False,True
8765,417148,d2,False,True,False,False
8766,623800,d2,False,True,False,False
8767,381966,h,False,False,True,False
8768,771687,v,False,False,False,True
8769,356775,d2,False,True,False,False
8770,974712,h,False,False,True,False
8771,198961,d,True,False,False,False
8772,395798,h,False,False,True,False
8773,396327,v,False,False,False,True
8774,156776,d,True,False,False,False
8775,90171,d,True,False,False,False
8776,978902,h,False,False,True,False
8777,105697,h,False,False,True,False
8778,625905,d2,False,True,False,False
8779,63060,h,False,False,True,False
8780,29348,d2,False,True,False,False
8781,166036,d2,False,True,False,False
8782,998614,d,True,False,False,False
8783,361478,v,False,False,False,True
8784,531111,v,False,False,False,True
8785,757408,v,False,False,False,True
8786,867672,d,True,False,False,False
8787,87802,d,True,False,False,False
8788,997660,v,False,False,False,True
8789,485141,v,False,False,False,True
8790,529356,v,False,False,False,True
8791,766778,d2,False,True,False,False
8792,759161,v,False,False,False,True
8793,526545,v,False,False,False,True
8794,123897,d,True,False,False,False
8795,248365,d2,False,True,False,False
8796,951912,d,True,False,False,False
8797,987842,v,False,False,False,True
8798,588446,d2,False,True,False,False
8799,201588,d2,False,True,False,False
8800,326000,d2,False,True,False,False
8801,895968,d,True,False,False,False
8802,912772,h,False,False,True,False
8803,922150,h,False,False,True,False
8804,535377,d,True,False,False,False
8805,496909,h,False,False,True,False
8806,662565,v,False,False,False,True
8807,853922,d2,False,True,False,False
8808,651694,d2,False,True,False,False
8809,202388,d2,False,True,False,False
8810,115654,d2,False,True,False,False
8811,931278,h,False,False,True,False
8812,80125,d2,False,True,False,False
8813,380993,h,False,False,True,False
8814,403955,d2,False,True,False,False
8815,811105,h,False,False,True,False
8816,911453,h,False,False,True,False
8817,468220,v,False,False,False,True
8818,692464,d,True,False,False,False
8819,143039,h,False,False,True,False
8820,655752,d2,False,True,False,False
8821,123976,h,False,False,True,False
8822,50285,d2,False,True,False,False
8823,467565,d2,False,True,False,False
8824,769288,h,False,False,True,False
8825,488367,h,False,False,True,False
8826,330202,d2,False,True,False,False
8827,997114,d,True,False,False,False
8828,247895,d2,False,True,False,False
8829,162942,h,False,False,True,False
8830,832822,v,False,False,False,True
8831,924858,d2,False,True,False,False
8832,315226,v,False,False,False,True
8833,604625,v,False,False,False,True
8834,988692,d2,False,True,False,False
8835,382765,v,False,False,False,True
8836,44742,d,True,False,False,False
8837,655469,d,True,False,False,False
8838,885232,d,True,False,False,False
8839,235379,d2,False,True,False,False
8840,52954,d,True,False,False,False
8841,61624,d2,False,True,False,False
8842,338113,v,False,False,False,True
8843,250433,d2,False,True,False,False
8844,45467,d2,False,True,False,False
8845,563289,v,False,False,False,True
8846,180493,h,False,False,True,False
8847,596762,v,False,False,False,True
8848,4802,d,True,False,False,False
8849,748552,d,True,False,False,False
8850,99324,v,False,False,False,True
8851,556320,d2,False,True,False,False
8852,553044,d2,False,True,False,False
8853,691838,h,False,False,True,False
8854,969221,h,False,False,True,False
8855,887159,h,False,False,True,False
8856,849104,h,False,False,True,False
8857,133095,h,False,False,True,False
8858,249899,h,False,False,True,False
8859,839608,d2,False,True,False,False
8860,689341,v,False,False,False,True
8861,992625,h,False,False,True,False
8862,358471,v,False,False,False,True
8863,112068,d2,False,True,False,False
8864,900425,d2,False,True,False,False
8865,296666,d,True,False,False,False
8866,325225,v,False,False,False,True
8867,477516,v,False,False,False,True
8868,264981,v,False,False,False,True
8869,764542,d2,False,True,False,False
8870,782185,h,False,False,True,False
8871,744973,d2,False,True,False,False
8872,807393,h,False,False,True,False
8873,449086,h,False,False,True,False
8874,209055,d,True,False,False,False
8875,605192,d,True,False,False,False
8876,497782,d2,False,True,False,False
8877,521449,h,False,False,True,False
8878,655341,v,False,False,False,True
8879,371552,h,False,False,True,False
8880,992394,h,False,False,True,False
8881,464794,h,False,False,True,False
8882,294555,v,False,False,False,True
8883,189905,h,False,False,True,False
8884,61803,d,True,False,False,False
8885,96381,v,False,False,False,True
8886,789342,v,False,False,False,True
8887,268922,d,True,False,False,False
8888,585822,d,True,False,False,False
8889,48145,d2,False,True,False,False
8890,189318,d,True,False,False,False
8891,211866,h,False,False,True,False
8892,80560,h,False,False,True,False
8893,590558,d,True,False,False,False
8894,758980,d2,False,True,False,False
8895,531433,d2,False,True,False,False
8896,691887,h,False,False,True,False
8897,947821,h,False,False,True,False
8898,402713,d2,False,True,False,False
8899,488568,d,True,False,False,False
8900,1190,d,True,False,False,False
8901,981721,h,False,False,True,False
8902,764234,h,False,False,True,False
8903,816976,d,True,False,False,False
8904,235962,d2,False,True,False,False
8905,845249,d,True,False,False,False
8906,178359,v,False,False,False,True
8907,710762,h,False,False,True,False
8908,365549,d2,False,True,False,False
8909,144129,v,False,False,False,True
8910,775289,h,False,False,True,False
8911,30110,d,True,False,False,False
8912,738608,v,False,False,False,True
8913,806715,h,False,False,True,False
8914,43158,d2,False,True,False,False
8915,797873,h,False,False,True,False
8916,283127,d,True,False,False,False
8917,585233,h,False,False,True,False
8918,203019,d,True,False,False,False
8919,797479,d2,False,True,False,False
8920,601687,d,True,False,False,False
8921,337186,d,True,False,False,False
8922,566718,d,True,False,False,False
8923,701473,v,False,False,False,True
8924,269350,v,False,False,False,True
8925,288143,d2,False,True,False,False
8926,136472,d,True,False,False,False
8927,908113,d2,False,True,False,False
8928,23710,h,False,False,True,False
8929,871592,h,False,False,True,False
8930,739026,v,False,False,False,True
8931,49939,d2,False,True,False,False
8932,899832,v,False,False,False,True
8933,518607,d2,False,True,False,False
8934,947765,h,False,False,True,False
8935,694610,v,False,False,False,True
8936,451697,h,False,False,True,False
8937,121162,d,True,False,False,False
8938,918869,d,True,False,False,False
8939,676550,d2,False,True,False,False
8940,481008,h,False,False,True,False
8941,334728,h,False,False,True,False
8942,252787,v,False,False,False,True
8943,587286,h,False,False,True,False
8944,169809,h,False,False,True,False
8945,571,v,False,False,False,True
8946,750225,d2,False,True,False,False
8947,216945,h,False,False,True,False
8948,795082,h,False,False,True,False
8949,503762,d2,False,True,False,False
8950,47599,d,True,False,False,False
8951,440366,d,True,False,False,False
8952,774029,h,False,False,True,False
8953,28572,d,True,False,False,False
8954,78437,v,False,False,False,True
8955,381791,v,False,False,False,True
8956,942639,d,True,False,False,False
8957,30325,d,True,False,False,False
8958,632267,h,False,False,True,False
8959,22827,d,True,False,False,False
8960,399243,d2,False,True,False,False
8961,845900,d2,False,True,False,False
8962,509643,d2,False,True,False,False
8963,501828,d2,False,True,False,False
8964,50748,d2,False,True,False,False
8965,111955,v,False,False,False,True
8966,198739,v,False,False,False,True
8967,925745,d2,False,True,False,False
8968,591722,d2,False,True,False,False
8969,229951,h,False,False,True,False
8970,347838,d,True,False,False,False
8971,685658,h,False,False,True,False
8972,502840,d2,False,True,False,False
8973,906191,d,True,False,False,False
8974,834237,h,False,False,True,False
8975,846805,d,True,False,False,False
8976,9542,d,True,False,False,False
8977,303169,h,False,False,True,False
8978,252067,h,False,False,True,False
8979,191886,v,False,False,False,True
8980,839521,d2,False,True,False,False
8981,728057,h,False,False,True,False
8982,543621,h,False,False,True,False
8983,571090,v,False,False,False,True
8984,51928,h,False,False,True,False
8985,732260,h,False,False,True,False
8986,81220,d2,False,True,False,False
8987,831437,v,False,False,False,True
8988,436932,h,False,False,True,False
8989,502416,h,False,False,True,False
8990,22203,d,True,False,False,False
8991,896704,d2,False,True,False,False
8992,35334,d,True,False,False,False
8993,221605,d,True,False,False,False
8994,782662,d2,False,True,False,False
8995,89457,d2,False,True,False,False
8996,751616,v,False,False,False,True
8997,238761,d,True,False,False,False
8998,755638,h,False,False,True,False
8999,445405,h,False,False,True,False
9000,105517,d,True,False,False,False
9001,999149,h,False,False,True,False
9002,522265,v,False,False,False,True
9003,127733,d2,False,True,False,False
9004,529944,v,False,False,False,True
9005,875423,d2,False,True,False,False
9006,262839,v,False,False,False,True
9007,782510,d2,False,True,False,False
9008,933591,v,False,False,False,True
9009,624769,v,False,False,False,True
9010,846390,d,True,False,False,False
9011,236379,d,True,False,False,False
9012,56928,v,False,False,False,True
9013,271592,v,False,False,False,True
9014,668764,d,True,False,False,False
9015,814382,h,False,False,True,False
9016,404015,v,False,False,False,True
9017,909936,h,False,False,True,False
9018,663837,h,False,False,True,False
9019,788293,h,False,False,True,False
9020,423136,v,False,False,False,True
9021,232731,d2,False,True,False,False
9022,695666,h,False,False,True,False
9023,865317,d2,False,True,False,False
9024,620894,d,True,False,False,False
9025,16108,d2,False,True,False,False
9026,463404,d,True,False,False,False
9027,135908,d,True,False,False,False
9028,37073,v,False,False,False,True
9029,333295,h,False,False,True,False
9030,92253,h,False,False,True,False
9031,740511,v,False,False,False,True
9032,316507,d,True,False,False,False
9033,290569,v,False,False,False,True
9034,727899,v,False,False,False,True
9035,228831,v,False,False,False,True
9036,58082,v,False,False,False,True
9037,203014,v,False,False,False,True
9038,102524,v,False,False,False,True
9039,196128,d2,False,True,False,False
9040,2235,d,True,False,False,False
9041,289716,d,True,False,False,False
9042,71499,d,True,False,False,False
9043,894359,d2,False,True,False,False
9044,9588,d,True,False,False,False
9045,800320,d2,False,True,False,False
9046,988907,v,False,False,False,True
9047,153805,d,True,False,False,False
9048,606347,d2,False,True,False,False
9049,930990,v,False,False,False,True
9050,308969,h,False,False,True,False
9051,875747,h,False,False,True,False
9052,367398,v,False,False,False,True
9053,655958,h,False,False,True,False
9054,938784,v,False,False,False,True
9055,145583,v,False,False,False,True
9056,787023,h,False,False,True,False
9057,429904,v,False,False,False,True
9058,113875,h,False,False,True,False
9059,773215,d,True,False,False,False
9060,819881,d,True,False,False,False
9061,918354,d,True,False,False,False
9062,449143,d2,False,True,False,False
9063,435662,d,True,False,False,False
9064,922943,v,False,False,False,True
9065,298641,v,False,False,False,True
9066,626945,v,False,False,False,True
9067,271030,h,False,False,True,False
9068,680692,d2,False,True,False,False
9069,773422,v,False,False,False,True
9070,893889,d2,False,True,False,False
9071,595719,h,False,False,True,False
9072,396455,h,False,False,True,False
9073,786825,d2,False,True,False,False
9074,377410,d,True,False,False,False
9075,725947,d2,False,True,False,False
9076,372804,d2,False,True,False,False
9077,885635,d,True,False,False,False
9078,109438,d,True,False,False,False
9079,313860,h,False,False,True,False
9080,71692,d,True,False,False,False
9081,877012,h,False,False,True,False
9082,207737,d2,False,True,False,False
9083,402505,h,False,False,True,False
9084,100295,d,True,False,False,False
9085,114183,h,False,False,True,False
9086,210108,d2,False,True,False,False
9087,984160,v,False,False,False,True
9088,720509,v,False,False,False,True
9089,700289,v,False,False,False,True
9090,360241,d2,False,True,False,False
9091,224882,h,False,False,True,False
9092,905573,v,False,False,False,True
9093,488086,h,False,False,True,False
9094,635456,d2,False,True,False,False
9095,904043,v,False,False,False,True
9096,913419,d2,False,True,False,False
9097,13899,v,False,False,False,True
9098,454425,d,True,False,False,False
9099,988650,v,False,False,False,True
9100,97159,d2,False,True,False,False
9101,321188,v,False,False,False,True
9102,561661,d,True,False,False,False
9103,401392,v,False,False,False,True
9104,610916,d2,False,True,False,False
9105,570222,d2,False,True,False,False
9106,1217,h,False,False,True,False
9107,52301,v,False,False,False,True
9108,887675,d,True,False,False,False
9109,170446,h,False,False,True,False
9110,274038,v,False,False,False,True
9111,732211,v,False,False,False,True
9112,705747,d,True,False,False,False
9113,650283,d2,False,True,False,False
9114,217554,d,True,False,False,False
9115,825320,h,False,False,True,False
9116,515882,v,False,False,False,True
9117,926068,d2,False,True,False,False
9118,599634,d,True,False,False,False
9119,25080,d2,False,True,False,False
9120,827314,v,False,False,False,True
9121,663974,h,False,False,True,False
9122,337945,d,True,False,False,False
9123,656576,h,False,False,True,False
9124,908017,v,False,False,False,True
9125,226860,d2,False,True,False,False
9126,584479,d,True,False,False,False
9127,117913,d2,False,True,False,False
9128,352371,d2,False,True,False,False
9129,288798,d2,False,True,False,False
9130,643409,v,False,False,False,True
9131,414890,d,True,False,False,False
9132,140481,d2,False,True,False,False
9133,180789,h,False,False,True,False
9134,224505,v,False,False,False,True
9135,946458,h,False,False,True,False
9136,76153,d2,False,True,False,False
9137,388237,h,False,False,True,False
9138,784621,h,False,False,True,False
9139,45992,d,True,False,False,False
9140,888190,d,True,False,False,False
9141,266605,d,True,False,False,False
9142,602195,v,False,False,False,True
9143,616141,v,False,False,False,True
9144,972806,d2,False,True,False,False
9145,671532,h,False,False,True,False
9146,480067,d2,False,True,False,False
9147,586986,v,False,False,False,True
9148,882230,d,True,False,False,False
9149,159638,h,False,False,True,False
9150,945017,v,False,False,False,True
9151,460033,d,True,False,False,False
9152,733361,d,True,False,False,False
9153,891953,d2,False,True,False,False
9154,298434,h,False,False,True,False
9155,52202,d,True,False,False,False
9156,529049,v,False,False,False,True
9157,362695,d2,False,True,False,False
9158,356785,d2,False,True,False,False
9159,49227,d,True,False,False,False
9160,867526,h,False,False,True,False
9161,722538,d,True,False,False,False
9162,734623,h,False,False,True,False
9163,126202,v,False,False,False,True
9164,265809,d2,False,True,False,False
9165,179404,d,True,False,False,False
9166,624002,v,False,False,False,True
9167,662871,v,False,False,False,True
9168,403861,d2,False,True,False,False
9169,134003,d2,False,True,False,False
9170,633319,d,True,False,False,False
9171,679325,d2,False,True,False,False
9172,521839,h,False,False,True,False
9173,332811,d2,False,True,False,False
9174,15165,d,True,False,False,False
9175,935738,d2,False,True,False,False
9176,816666,d2,False,True,False,False
9177,930659,h,False,False,True,False
9178,334172,d2,False,True,False,False
9179,283512,d2,False,True,False,False
9180,551511,d,True,False,False,False
9181,755218,d,True,False,False,False
9182,835023,h,False,False,True,False
9183,351290,v,False,False,False,True
9184,164659,v,False,False,False,True
9185,38940,d,True,False,False,False
9186,994163,d,True,False,False,False
9187,725255,h,False,False,True,False
9188,769819,d,True,False,False,False
9189,303391,v,False,False,False,True
9190,591980,v,False,False,False,True
9191,449337,d2,False,True,False,False
9192,555125,d2,False,True,False,False
9193,440917,v,False,False,False,True
9194,854224,v,False,False,False,True
9195,476015,v,False,False,False,True
9196,432506,d,True,False,False,False
9197,793031,v,False,False,False,True
9198,378168,h,False,False,True,False
9199,177305,h,False,False,True,False
9200,228861,h,False,False,True,False
9201,408426,h,False,False,True,False
9202,161843,d,True,False,False,False
9203,321481,d,True,False,False,False
9204,773509,d2,False,True,False,False
9205,347889,d,True,False,False,False
9206,357660,d,True,False,False,False
9207,528024,h,False,False,True,False
9208,716184,v,False,False,False,True
9209,44537,v,False,False,False,True
9210,9340,d,True,False,False,False
9211,62785,d,True,False,False,False
9212,973174,d,True,False,False,False
9213,181235,h,False,False,True,False
9214,631029,d2,False,True,False,False
9215,661283,d,True,False,False,False
9216,175538,d2,False,True,False,False
9217,128417,d2,False,True,False,False
9218,497983,d2,False,True,False,False
9219,577281,d,True,False,False,False
9220,187553,v,False,False,False,True
9221,268575,h,False,False,True,False
9222,907576,v,False,False,False,True
9223,781418,h,False,False,True,False
9224,191700,v,False,False,False,True
9225,955234,d2,False,True,False,False
9226,475669,d2,False,True,False,False
9227,25565,d2,False,True,False,False
9228,702200,d,True,False,False,False
9229,170180,d,True,False,False,False
9230,288855,d,True,False,False,False
9231,289484,d,True,False,False,False
9232,840796,d2,False,True,False,False
9233,594843,v,False,False,False,True
9234,58291,d,True,False,False,False
9235,757620,v,False,False,False,True
9236,821614,h,False,False,True,False
9237,573457,d,True,False,False,False
9238,188154,h,False,False,True,False
9239,912501,d,True,False,False,False
9240,526247,d2,False,True,False,False
9241,452504,h,False,False,True,False
9242,894051,d,True,False,False,False
9243,59261,h,False,False,True,False
9244,221246,h,False,False,True,False
9245,243563,d,True,False,False,False
9246,598889,h,False,False,True,False
9247,896857,d,True,False,False,False
9248,466995,v,False,False,False,True
9249,417279,d,True,False,False,False
9250,669163,h,False,False,True,False
9251,845186,v,False,False,False,True
9252,45989,d2,False,True,False,False
9253,866943,h,False,False,True,False
9254,780633,h,False,False,True,False
9255,544522,h,False,False,True,False
9256,885474,d,True,False,False,False
9257,650934,d2,False,True,False,False
9258,447446,h,False,False,True,False
9259,812557,v,False,False,False,True
9260,183816,d,True,False,False,False
9261,732224,d,True,False,False,False
9262,779637,d2,False,True,False,False
9263,821070,d,True,False,False,False
9264,142210,d2,False,True,False,False
9265,30704,d,True,False,False,False
9266,320001,h,False,False,True,False
9267,210894,h,False,False,True,False
9268,63294,d,True,False,False,False
9269,273520,v,False,False,False,True
9270,8969,h,False,False,True,False
9271,252537,h,False,False,True,False
9272,871019,h,False,False,True,False
9273,632571,d,True,False,False,False
9274,946345,h,False,False,True,False
9275,502147,d2,False,True,False,False
9276,42483,d2,False,True,False,False
9277,658103,d2,False,True,False,False
9278,874375,v,False,False,False,True
9279,125969,h,False,False,True,False
9280,692984,v,False,False,False,True
9281,173918,d2,False,True,False,False
9282,466196,v,False,False,False,True
9283,262769,d,True,False,False,False
9284,745156,h,False,False,True,False
9285,65690,d,True,False,False,False
9286,899714,h,False,False,True,False
9287,183636,d,True,False,False,False
9288,845665,d2,False,True,False,False
9289,656350,v,False,False,False,True
9290,103650,d2,False,True,False,False
9291,746295,v,False,False,False,True
9292,901887,d,True,False,False,False
9293,405469,d,True,False,False,False
9294,233179,d,True,False,False,False
9295,524122,h,False,False,True,False
9296,250988,h,False,False,True,False
9297,181738,d2,False,True,False,False
9298,816139,d,True,False,False,False
9299,477092,d,True,False,False,False
9300,369123,v,False,False,False,True
9301,897485,d,True,False,False,False
9302,495763,v,False,False,False,True
9303,193811,d2,False,True,False,False
9304,48061,v,False,False,False,True
9305,18225,v,False,False,False,True
9306,192039,d2,False,True,False,False
9307,771727,d2,False,True,False,False
9308,329611,v,False,False,False,True
9309,614164,d2,False,True,False,False
9310,158143,h,False,False,True,False
9311,353634,d2,False,True,False,False
9312,558404,d,True,False,False,False
9313,813336,h,False,False,True,False
9314,331362,h,False,False,True,False
9315,812152,d,True,False,False,False
9316,844757,d2,False,True,False,False
9317,438143,v,False,False,False,True
9318,602675,v,False,False,False,True
9319,631219,d,True,False,False,False
9320,410900,d,True,False,False,False
9321,772401,d,True,False,False,False
9322,391862,d2,False,True,False,False
9323,641067,h,False,False,True,False
9324,725948,v,False,False,False,True
9325,325071,v,False,False,False,True
9326,832753,h,False,False,True,False
9327,502610,v,False,False,False,True
9328,592195,d,True,False,False,False
9329,647207,d,True,False,False,False
9330,720296,h,False,False,True,False
9331,757557,d2,False,True,False,False
9332,213222,v,False,False,False,True
9333,67325,v,False,False,False,True
9334,394748,h,False,False,True,False
9335,95036,d2,False,True,False,False
9336,614869,d,True,False,False,False
9337,505919,d,True,False,False,False
9338,256752,d,True,False,False,False
9339,106709,d,True,False,False,False
9340,818844,d,True,False,False,False
9341,536588,h,False,False,True,False
9342,232832,h,False,False,True,False
9343,565642,h,False,False,True,False
9344,998256,v,False,False,False,True
9345,341751,d2,False,True,False,False
9346,255446,h,False,False,True,False
9347,611594,h,False,False,True,False
9348,130629,d,True,False,False,False
9349,92701,d2,False,True,False,False
9350,624936,h,False,False,True,False
9351,312118,v,False,False,False,True
9352,570670,d2,False,True,False,False
9353,861405,d2,False,True,False,False
9354,521131,d,True,False,False,False
9355,523587,v,False,False,False,True
9356,700506,d,True,False,False,False
9357,363164,d2,False,True,False,False
9358,530617,d2,False,True,False,False
9359,262798,h,False,False,True,False
9360,370197,h,False,False,True,False
9361,43587,d2,False,True,False,False
9362,766852,h,False,False,True,False
9363,572289,d2,False,True,False,False
9364,912983,d,True,False,False,False
9365,501390,h,False,False,True,False
9366,570357,v,False,False,False,True
9367,185705,d,True,False,False,False
9368,754902,d,True,False,False,False
9369,439546,h,False,False,True,False
9370,482799,h,False,False,True,False
9371,227480,v,False,False,False,True
9372,901678,d,True,False,False,False
9373,390713,d2,False,True,False,False
9374,844181,v,False,False,False,True
9375,310809,v,False,False,False,True
9376,399856,d,True,False,False,False
9377,645009,v,False,False,False,True
9378,141473,v,False,False,False,True
9379,563927,d2,False,True,False,False
9380,86174,v,False,False,False,True
9381,146214,v,False,False,False,True
9382,162814,v,False,False,False,True
9383,123588,d,True,False,False,False
9384,990842,h,False,False,True,False
9385,961880,d2,False,True,False,False
9386,773537,d2,False,True,False,False
9387,162913,d,True,False,False,False
9388,952378,d2,False,True,False,False
9389,347199,h,False,False,True,False
9390,959229,h,False,False,True,False
9391,146403,h,False,False,True,False
9392,339195,h,False,False,True,False
9393,892986,d2,False,True,False,False
9394,705294,d2,False,True,False,False
9395,398600,h,False,False,True,False
9396,764592,d,True,False,False,False
9397,719058,h,False,False,True,False
9398,515027,d,True,False,False,False
9399,440712,v,False,False,False,True
9400,188100,h,False,False,True,False
9401,705040,d,True,False,False,False
9402,852706,h,False,False,True,False
9403,740744,d2,False,True,False,False
9404,112786,v,False,False,False,True
9405,145006,h,False,False,True,False
9406,122855,d2,False,True,False,False
9407,248178,d2,False,True,False,False
9408,55431,d2,False,True,False,False
9409,398836,d2,False,True,False,False
9410,585923,d,True,False,False,False
9411,783087,d,True,False,False,False
9412,292590,v,False,False,False,True
9413,967655,d2,False,True,False,False
9414,103738,h,False,False,True,False
9415,86190,d2,False,True,False,False
9416,898840,d,True,False,False,False
9417,312087,v,False,False,False,True
9418,712200,d,True,False,False,False
9419,557594,v,False,False,False,True
9420,410935,d,True,False,False,False
9421,735593,h,False,False,True,False
9422,274329,v,False,False,False,True
9423,780646,d,True,False,False,False
9424,964647,d,True,False,False,False
9425,880718,h,False,False,True,False
9426,581911,d,True,False,False,False
9427,551156,d2,False,True,False,False
9428,593200,h,False,False,True,False
9429,813731,d2,False,True,False,False
9430,334974,d,True,False,False,False
9431,684989,d,True,False,False,False
9432,88606,d2,False,True,False,False
9433,36184,h,False,False,True,False
9434,334995,d,True,False,False,False
9435,498004,d,True,False,False,False
9436,129677,d,True,False,False,False
9437,18462,d2,False,True,False,False
9438,943117,v,False,False,False,True
9439,400012,v,False,False,False,True
9440,196472,v,False,False,False,True
9441,938416,h,False,False,True,False
9442,112521,d2,False,True,False,False
9443,620158,d,True,False,False,False
9444,412231,d,True,False,False,False
9445,350461,h,False,False,True,False
9446,522208,d,True,False,False,False
9447,284238,d,True,False,False,False
9448,878277,d2,False,True,False,False
9449,296855,d2,False,True,False,False
9450,483086,h,False,False,True,False
9451,480579,h,False,False,True,False
9452,657072,v,False,False,False,True
9453,675107,h,False,False,True,False
9454,667210,h,False,False,True,False
9455,843832,h,False,False,True,False
9456,386897,d2,False,True,False,False
9457,604289,d2,False,True,False,False
9458,377747,v,False,False,False,True
9459,255651,d,True,False,False,False
9460,876208,d2,False,True,False,False
9461,797369,h,False,False,True,False
9462,652550,v,False,False,False,True
9463,707363,d2,False,True,False,False
9464,330628,d2,False,True,False,False
9465,36560,d,True,False,False,False
9466,51328,d,True,False,False,False
9467,868715,h,False,False,True,False
9468,182176,d,True,False,False,False
9469,358938,h,False,False,True,False
9470,756720,h,False,False,True,False
9471,568340,d,True,False,False,False
9472,504238,d,True,False,False,False
9473,602436,v,False,False,False,True
9474,962489,d,True,False,False,False
9475,198792,d,True,False,False,False
9476,582242,v,False,False,False,True
9477,367950,h,False,False,True,False
9478,844904,v,False,False,False,True
9479,938826,h,False,False,True,False
9480,767245,h,False,False,True,False
9481,994218,h,False,False,True,False
9482,355763,d,True,False,False,False
9483,246526,d2,False,True,False,False
9484,440752,d,True,False,False,False
9485,201254,v,False,False,False,True
9486,381526,d2,False,True,False,False
9487,373941,d2,False,True,False,False
9488,907730,v,False,False,False,True
9489,933811,d,True,False,False,False
9490,5766,d2,False,True,False,False
9491,436894,v,False,False,False,True
9492,569763,h,False,False,True,False
9493,187151,h,False,False,True,False
9494,153006,d2,False,True,False,False
9495,176629,d2,False,True,False,False
9496,678870,v,False,False,False,True
9497,280964,d,True,False,False,False
9498,293564,d2,False,True,False,False
9499,863336,v,False,False,False,True
9500,734251,d2,False,True,False,False
9501,667978,h,False,False,True,False
9502,952235,d,True,False,False,False
9503,229461,h,False,False,True,False
9504,559238,h,False,False,True,False
9505,541404,d2,False,True,False,False
9506,911073,v,False,False,False,True
9507,615119,h,False,False,True,False
9508,837427,d,True,False,False,False
9509,497584,d2,False,True,False,False
9510,146298,d,True,False,False,False
9511,665987,d,True,False,False,False
9512,70388,h,False,False,True,False
9513,391945,d,True,False,False,False
9514,885862,h,False,False,True,False
9515,240401,v,False,False,False,True
9516,596269,d,True,False,False,False
9517,233334,v,False,False,False,True
9518,579148,v,False,False,False,True
9519,943167,d,True,False,False,False
9520,592947,d2,False,True,False,False
9521,183122,d,True,False,False,False
9522,627996,d2,False,True,False,False
9523,474974,h,False,False,True,False
9524,228880,h,False,False,True,False
9525,669109,d2,False,True,False,False
9526,598953,h,False,False,True,False
9527,881825,d,True,False,False,False
9528,1494,d,True,False,False,False
9529,462308,h,False,False,True,False
9530,219111,d,True,False,False,False
9531,637989,d,True,False,False,False
9532,919673,h,False,False,True,False
9533,327466,d,True,False,False,False
9534,649405,d,True,False,False,False
9535,435885,h,False,False,True,False
9536,747386,d,True,False,False,False
9537,373185,v,False,False,False,True
9538,784044,d,True,False,False,False
9539,57253,d2,False,True,False,False
9540,72028,h,False,False,True,False
9541,322266,d,True,False,False,False
9542,854130,h,False,False,True,False
9543,885461,v,False,False,False,True
9544,563212,h,False,False,True,False
9545,995268,h,False,False,True,False
9546,654975,d2,False,True,False,False
9547,688029,d,True,False,False,False
9548,813595,v,False,False,False,True
9549,149179,h,False,False,True,False
9550,116927,h,False,False,True,False
9551,275691,d,True,False,False,False
9552,352070,h,False,False,True,False
9553,98382,v,False,False,False,True
9554,510353,d,True,False,False,False
9555,228301,d2,False,True,False,False
9556,372559,v,False,False,False,True
9557,46185,v,False,False,False,True
9558,558872,v,False,False,False,True
9559,516802,d2,False,True,False,False
9560,516221,v,False,False,False,True
9561,559336,d2,False,True,False,False
9562,602078,v,False,False,False,True
9563,903039,h,False,False,True,False
9564,381931,d,True,False,False,False
9565,210676,d2,False,True,False,False
9566,595390,d2,False,True,False,False
9567,324311,d2,False,True,False,False
9568,816082,d,True,False,False,False
9569,135221,v,False,False,False,True
9570,745376,d2,False,True,False,False
9571,629511,h,False,False,True,False
9572,33697,d2,False,True,False,False
9573,490811,v,False,False,False,True
9574,472718,h,False,False,True,False
9575,356422,d,True,False,False,False
9576,376819,d2,False,True,False,False
9577,410455,d,True,False,False,False
9578,886498,d,True,False,False,False
9579,196638,h,False,False,True,False
9580,120174,d,True,False,False,False
9581,978485,d2,False,True,False,False
9582,982082,v,False,False,False,True
9583,823454,h,False,False,True,False
9584,168253,d,True,False,False,False
9585,946567,d,True,False,False,False
9586,477095,v,False,False,False,True
9587,573235,h,False,False,True,False
9588,838992,d,True,False,False,False
9589,493717,h,False,False,True,False
9590,350640,h,False,False,True,False
9591,107494,h,False,False,True,False
9592,813286,h,False,False,True,False
9593,165742,d2,False,True,False,False
9594,962239,d,True,False,False,False
9595,736826,d,True,False,False,False
9596,418781,v,False,False,False,True
9597,161711,v,False,False,False,True
9598,547861,h,False,False,True,False
9599,659413,h,False,False,True,False
9600,845234,v,False,False,False,True
9601,668341,d,True,False,False,False
9602,630440,d2,False,True,False,False
9603,24143,d,True,False,False,False
9604,970996,d,True,False,False,False
9605,640126,d2,False,True,False,False
9606,113714,h,False,False,True,False
9607,911328,d2,False,True,False,False
9608,581392,d,True,False,False,False
9609,263777,v,False,False,False,True
9610,492265,h,False,False,True,False
9611,521720,d2,False,True,False,False
9612,751119,h,False,False,True,False
9613,372628,d,True,False,False,False
9614,369232,d,True,False,False,False
9615,535357,d2,False,True,False,False
9616,744002,v,False,False,False,True
9617,236639,d,True,False,False,False
9618,127852,v,False,False,False,True
9619,372690,h,False,False,True,False
9620,152788,d,True,False,False,False
9621,563421,d,True,False,False,False
9622,484705,d,True,False,False,False
9623,19681,d,True,False,False,False
9624,137068,d2,False,True,False,False
9625,456255,d2,False,True,False,False
9626,304861,v,False,False,False,True
9627,848221,v,False,False,False,True
9628,547026,v,False,False,False,True
9629,729104,d2,False,True,False,False
9630,920004,h,False,False,True,False
9631,435886,v,False,False,False,True
9632,951090,h,False,False,True,False
9633,573663,d,True,False,False,False
9634,79094,h,False,False,True,False
9635,125499,h,False,False,True,False
9636,280736,v,False,False,False,True
9637,367350,d,True,False,False,False
9638,359950,v,False,False,False,True
9639,202557,d,True,False,False,False
9640,970585,d,True,False,False,False
9641,463225,v,False,False,False,True
9642,477302,d2,False,True,False,False
9643,972776,h,False,False,True,False
9644,276112,h,False,False,True,False
9645,916709,d2,False,True,False,False
9646,870396,d,True,False,False,False
9647,987843,h,False,False,True,False
9648,228609,v,False,False,False,True
9649,865718,v,False,False,False,True
9650,30190,d2,False,True,False,False
9651,881395,d,True,False,False,False
9652,479976,v,False,False,False,True
9653,296000,d2,False,True,False,False
9654,563195,v,False,False,False,True
9655,286420,v,False,False,False,True
9656,768160,h,False,False,True,False
9657,646040,d2,False,True,False,False
9658,667984,v,False,False,False,True
9659,611214,h,False,False,True,False
9660,649402,v,False,False,False,True
9661,218079,v,False,False,False,True
9662,508991,d2,False,True,False,False
9663,746140,d,True,False,False,False
9664,954510,d2,False,True,False,False
9665,57525,d2,False,True,False,False
9666,704783,h,False,False,True,False
9667,408322,d2,False,True,False,False
9668,149748,d2,False,True,False,False
9669,576122,d2,False,True,False,False
9670,968305,d,True,False,False,False
9671,668336,d2,False,True,False,False
9672,927389,d,True,False,False,False
9673,235403,h,False,False,True,False
9674,938972,v,False,False,False,True
9675,367281,h,False,False,True,False
9676,582509,d,True,False,False,False
9677,364466,d2,False,True,False,False
9678,230788,h,False,False,True,False
9679,715474,v,False,False,False,True
9680,718456,d,True,False,False,False
9681,352446,v,False,False,False,True
9682,368828,h,False,False,True,False
9683,726084,d2,False,True,False,False
9684,466913,d2,False,True,False,False
9685,794743,d2,False,True,False,False
9686,501838,h,False,False,True,False
9687,32190,h,False,False,True,False
9688,996896,v,False,False,False,True
9689,545142,d,True,False,False,False
9690,913255,h,False,False,True,False
9691,377596,h,False,False,True,False
9692,288315,d2,False,True,False,False
9693,216485,h,False,False,True,False
9694,243318,d,True,False,False,False
9695,200792,d,True,False,False,False
9696,114170,d2,False,True,False,False
9697,259739,v,False,False,False,True
9698,346332,h,False,False,True,False
9699,137005,h,False,False,True,False
9700,360559,d,True,False,False,False
9701,550910,h,False,False,True,False
9702,687836,v,False,False,False,True
9703,985418,v,False,False,False,True
9704,860929,d2,False,True,False,False
9705,60809,h,False,False,True,False
9706,33509,d2,False,True,False,False
9707,400280,h,False,False,True,False
9708,824223,d2,False,True,False,False
9709,752540,d,True,False,False,False
9710,885438,v,False,False,False,True
9711,895470,d,True,False,False,False
9712,663362,d,True,False,False,False
9713,668107,h,False,False,True,False
9714,324492,v,False,False,False,True
9715,823973,v,False,False,False,True
9716,653135,h,False,False,True,False
9717,810367,d,True,False,False,False
9718,786122,d,True,False,False,False
9719,13766,h,False,False,True,False
9720,83839,h,False,False,True,False
9721,428250,d,True,False,False,False
9722,760683,v,False,False,False,True
9723,414571,d2,False,True,False,False
9724,987653,d2,False,True,False,False
9725,531440,d2,False,True,False,False
9726,61836,v,False,False,False,True
9727,438032,h,False,False,True,False
9728,999336,d,True,False,False,False
9729,736247,d,True,False,False,False
9730,320719,d2,False,True,False,False
9731,592566,d2,False,True,False,False
9732,264358,v,False,False,False,True
9733,141976,h,False,False,True,False
9734,888722,v,False,False,False,True
9735,528477,d,True,False,False,False
9736,619342,d,True,False,False,False
9737,880550,v,False,False,False,True
9738,427597,h,False,False,True,False
9739,103917,d2,False,True,False,False
9740,725680,v,False,False,False,True
9741,630207,v,False,False,False,True
9742,904642,h,False,False,True,False
9743,425162,d2,False,True,False,False
9744,849358,v,False,False,False,True
9745,701250,d2,False,True,False,False
9746,848592,d,True,False,False,False
9747,816059,d,True,False,False,False
9748,714636,h,False,False,True,False
9749,914599,v,False,False,False,True
9750,602226,h,False,False,True,False
9751,986773,h,False,False,True,False
9752,732704,d2,False,True,False,False
9753,627066,d2,False,True,False,False
9754,88176,d,True,False,False,False
9755,408218,v,False,False,False,True
9756,982939,d,True,False,False,False
9757,35169,v,False,False,False,True
9758,110295,d2,False,True,False,False
9759,238931,h,False,False,True,False
9760,349830,d2,False,True,False,False
9761,765381,v,False,False,False,True
9762,691420,h,False,False,True,False
9763,582546,d2,False,True,False,False
9764,467529,h,False,False,True,False
9765,478096,v,False,False,False,True
9766,978287,h,False,False,True,False
9767,973335,h,False,False,True,False
9768,895584,d,True,False,False,False
9769,101045,d,True,False,False,False
9770,315492,v,False,False,False,True
9771,249611,d,True,False,False,False
9772,4472,d,True,False,False,False
9773,290810,d,True,False,False,False
9774,26381,d2,False,True,False,False
9775,34033,d,True,False,False,False
9776,504037,d2,False,True,False,False
9777,943281,v,False,False,False,True
9778,920012,h,False,False,True,False
9779,858142,v,False,False,False,True
9780,746815,h,False,False,True,False
9781,594934,v,False,False,False,True
9782,43118,d,True,False,False,False
9783,877202,d2,False,True,False,False
9784,963555,h,False,False,True,False
9785,942317,v,False,False,False,True
9786,626437,d,True,False,False,False
9787,615772,v,False,False,False,True
9788,691213,d,True,False,False,False
9789,623877,h,False,False,True,False
9790,316355,h,False,False,True,False
9791,829211,v,False,False,False,True
9792,585124,d2,False,True,False,False
9793,444089,v,False,False,False,True
9794,372567,v,False,False,False,True
9795,916986,h,False,False,True,False
9796,699542,h,False,False,True,False
9797,711834,d,True,False,False,False
9798,103313,d,True,False,False,False
9799,24141,d2,False,True,False,False
9800,379588,d2,False,True,False,False
9801,945931,d2,False,True,False,False
9802,84686,d,True,False,False,False
9803,203833,d,True,False,False,False
9804,866926,v,False,False,False,True
9805,80855,d,True,False,False,False
9806,792525,d,True,False,False,False
9807,849235,d2,False,True,False,False
9808,937266,v,False,False,False,True
9809,808896,d,True,False,False,False
9810,39703,d2,False,True,False,False
9811,539141,h,False,False,True,False
9812,365513,h,False,False,True,False
9813,498298,d2,False,True,False,False
9814,827608,d,True,False,False,False
9815,90895,h,False,False,True,False
9816,524872,d,True,False,False,False
9817,922901,v,False,False,False,True
9818,619081,h,False,False,True,False
9819,456711,h,False,False,True,False
9820,406152,v,False,False,False,True
9821,389255,d,True,False,False,False
9822,586803,d,True,False,False,False
9823,533033,d2,False,True,False,False
9824,148400,v,False,False,False,True
9825,629767,d,True,False,False,False
9826,818750,d,True,False,False,False
9827,507570,d2,False,True,False,False
9828,245838,d,True,False,False,False
9829,48372,h,False,False,True,False
9830,966208,v,False,False,False,True
9831,279371,d2,False,True,False,False
9832,740055,v,False,False,False,True
9833,768611,d,True,False,False,False
9834,2526,d2,False,True,False,False
9835,975237,d,True,False,False,False
9836,639267,d,True,False,False,False
9837,2431,v,False,False,False,True
9838,989248,h,False,False,True,False
9839,203412,d,True,False,False,False
9840,277874,d2,False,True,False,False
9841,27460,d,True,False,False,False
9842,668058,v,False,False,False,True
9843,92441,d,True,False,False,False
9844,411175,v,False,False,False,True
9845,463342,h,False,False,True,False
9846,37963,d2,False,True,False,False
9847,153204,d,True,False,False,False
9848,725429,d2,False,True,False,False
9849,484582,d2,False,True,False,False
9850,970797,h,False,False,True,False
9851,236220,d2,False,True,False,False
9852,280605,v,False,False,False,True
9853,361532,d,True,False,False,False
9854,990873,h,False,False,True,False
9855,861463,d2,False,True,False,False
9856,895088,d,True,False,False,False
9857,386899,h,False,False,True,False
9858,787286,d,True,False,False,False
9859,314859,h,False,False,True,False
9860,457364,d,True,False,False,False
9861,185751,v,False,False,False,True
9862,509016,d,True,False,False,False
9863,37023,d,True,False,False,False
9864,233868,d,True,False,False,False
9865,624324,d2,False,True,False,False
9866,430454,h,False,False,True,False
9867,559162,v,False,False,False,True
9868,487762,d,True,False,False,False
9869,171081,h,False,False,True,False
9870,960790,d2,False,True,False,False
9871,703814,v,False,False,False,True
9872,836806,v,False,False,False,True
9873,836871,d,True,False,False,False
9874,300584,d,True,False,False,False
9875,937067,d2,False,True,False,False
9876,145939,d2,False,True,False,False
9877,11489,d,True,False,False,False
9878,504685,h,False,False,True,False
9879,131756,h,False,False,True,False
9880,510031,d2,False,True,False,False
9881,888390,v,False,False,False,True
9882,286366,d2,False,True,False,False
9883,772389,d2,False,True,False,False
9884,267573,d,True,False,False,False
9885,631233,d2,False,True,False,False
9886,87235,d,True,False,False,False
9887,943627,d2,False,True,False,False
9888,243176,v,False,False,False,True
9889,950798,d2,False,True,False,False
9890,964150,d2,False,True,False,False
9891,786346,v,False,False,False,True
9892,749720,h,False,False,True,False
9893,391770,v,False,False,False,True
9894,775905,d,True,False,False,False
9895,672765,d,True,False,False,False
9896,754715,d2,False,True,False,False
9897,817104,d2,False,True,False,False
9898,350737,h,False,False,True,False
9899,284681,v,False,False,False,True
9900,28257,h,False,False,True,False
9901,41540,d2,False,True,False,False
9902,458219,h,False,False,True,False
9903,383694,v,False,False,False,True
9904,239627,h,False,False,True,False
9905,58478,d2,False,True,False,False
9906,638838,v,False,False,False,True
9907,315489,d2,False,True,False,False
9908,720033,d,True,False,False,False
9909,884938,d,True,False,False,False
9910,701067,d,True,False,False,False
9911,13842,d2,False,True,False,False
9912,454458,d,True,False,False,False
9913,395636,h,False,False,True,False
9914,111502,d2,False,True,False,False
9915,730734,d2,False,True,False,False
9916,93077,d2,False,True,False,False
9917,91876,d,True,False,False,False
9918,768477,d2,False,True,False,False
9919,440267,h,False,False,True,False
9920,244820,h,False,False,True,False
9921,254068,v,False,False,False,True
9922,218753,v,False,False,False,True
9923,69486,d2,False,True,False,False
9924,928611,v,False,False,False,True
9925,941635,h,False,False,True,False
9926,918040,h,False,False,True,False
9927,358635,h,False,False,True,False
9928,568933,v,False,False,False,True
9929,708495,d2,False,True,False,False
9930,806132,h,False,False,True,False
9931,892980,v,False,False,False,True
9932,782281,d2,False,True,False,False
9933,325034,h,False,False,True,False
9934,593396,d2,False,True,False,False
9935,920683,d2,False,True,False,False
9936,728975,d,True,False,False,False
9937,720602,h,False,False,True,False
9938,537972,h,False,False,True,False
9939,68664,v,False,False,False,True
9940,211602,d,True,False,False,False
9941,543500,d,True,False,False,False
9942,890901,d,True,False,False,False
9943,625637,v,False,False,False,True
9944,334838,d,True,False,False,False
9945,852522,v,False,False,False,True
9946,506092,v,False,False,False,True
9947,386300,d2,False,True,False,False
9948,683507,d,True,False,False,False
9949,309640,h,False,False,True,False
9950,158895,v,False,False,False,True
9951,833799,d,True,False,False,False
9952,649676,d,True,False,False,False
9953,863958,d,True,False,False,False
9954,547156,d,True,False,False,False
9955,931883,v,False,False,False,True
9956,967806,d,True,False,False,False
